playerid,Name,Age,IP,ERA,FIP,GS
14107,"<a href=""statss.aspx?playerid=14107&position=P"">Kevin Gausman</a>",32.0,104.2,3.009554213251836,2.5193715518132884,17.0
19291,"<a href=""statss.aspx?playerid=19291&position=P"">Zac Gallen</a>",27.0,104.1,3.0191694486612035,2.718299124179523,17.0
10310,"<a href=""statss.aspx?playerid=10310&position=P"">Zack Wheeler</a>",33.0,93.1,3.857142949104311,2.7514689189195627,16.0
17295,"<a href=""statss.aspx?playerid=17295&position=P"">Framber Valdez</a>",29.0,105.0,2.4857142857142858,2.826468930925642,16.0
9132,"<a href=""statss.aspx?playerid=9132&position=P"">Nathan Eovaldi</a>",33.0,105.1,2.819620312731001,3.065166937764343,16.0
17312,"<a href=""statss.aspx?playerid=17312&position=P"">Justin Steele</a>",27.0,85.1,2.425781286146958,2.774571602337528,15.0
12768,"<a href=""statss.aspx?playerid=12768&position=P"">Sonny Gray</a>",33.0,87.2,2.669201569307015,2.7987665869659564,16.0
19959,"<a href=""statss.aspx?playerid=19959&position=P"">Jesus Luzardo</a>",25.0,97.0,3.525773299869261,3.2550403594970705,17.0
13125,"<a href=""statss.aspx?playerid=13125&position=P"">Gerrit Cole</a>",32.0,103.2,2.7781351163842087,3.370795989346413,17.0
17085,"<a href=""statss.aspx?playerid=17085&position=P"">Pablo Lopez</a>",27.0,102.0,4.235294276042799,3.3726874227204817,17.0
2036,"<a href=""statss.aspx?playerid=2036&position=P"">Clayton Kershaw</a>",35.0,95.1,2.5489510829492192,3.5067886146031664,16.0
27498,"<a href=""statss.aspx?playerid=27498&position=P"">Spencer Strider</a>",24.0,91.2,3.7309091167859796,3.0914039947257552,16.0
17594,"<a href=""statss.aspx?playerid=17594&position=P"">Mitch Keller</a>",27.0,105.0,3.3428571732190195,3.216945121055828,17.0
21390,"<a href=""statss.aspx?playerid=21390&position=P"">Joe Ryan</a>",27.0,96.2,3.4448276088637493,3.358488636039526,16.0
13431,"<a href=""statss.aspx?playerid=13431&position=P"">Marcus Stroman</a>",32.0,102.0,2.470588281492874,3.343275655264673,17.0
13774,"<a href=""statss.aspx?playerid=13774&position=P"">Zach Eflin</a>",29.0,90.1,3.287822924509406,3.2107599160693345,15.0
25436,"<a href=""statss.aspx?playerid=25436&position=P"">George Kirby</a>",25.0,94.0,3.2553192480164155,3.244402061300938,15.0
16511,"<a href=""statss.aspx?playerid=16511&position=P"">Jordan Montgomery</a>",30.0,92.0,3.5217392399540954,3.4941708017161757,16.0
17995,"<a href=""statss.aspx?playerid=17995&position=P"">Logan Webb</a>",26.0,110.1,3.4259819422081477,3.517880243952193,17.0
18684,"<a href=""statss.aspx?playerid=18684&position=P"">Sandy Alcantara</a>",27.0,102.2,4.821428735645456,3.6738715425935444,16.0
27468,"<a href=""statss.aspx?playerid=27468&position=P"">Reid Detmers</a>",23.0,76.1,3.7729259213162685,3.241939922270278,14.0
19755,"<a href=""statss.aspx?playerid=19755&position=DH"">Shohei Ohtani</a>",28.0,95.1,3.020979031052553,3.7375578436235197,16.0
25880,"<a href=""statss.aspx?playerid=25880&position=P"">Hunter Brown</a>",24.0,87.0,3.620689813929144,3.5423966939358915,15.0
21844,"<a href=""statss.aspx?playerid=21844&position=P"">Braxton Garrett</a>",25.0,81.2,3.5265307632439997,3.2550403594970705,15.0
16149,"<a href=""statss.aspx?playerid=16149&position=P"">Aaron Nola</a>",30.0,105.2,4.514195692241577,4.26765868039822,17.0
6562,"<a href=""statss.aspx?playerid=6562&position=P"">Alex Cobb</a>",35.0,83.2,3.1195220071715704,3.159422826710202,15.0
22250,"<a href=""statss.aspx?playerid=22250&position=P"">Logan Gilbert</a>",26.0,92.1,4.191335841083702,3.5799501146198383,16.0
22182,"<a href=""statss.aspx?playerid=22182&position=P"">Hunter Greene</a>",23.0,73.1,3.9272728464426123,3.555040368600326,14.0
13164,"<a href=""statss.aspx?playerid=13164&position=P"">Eduardo Rodriguez</a>",30.0,67.2,2.128078867721531,3.1368137557347633,11.0
9803,"<a href=""statss.aspx?playerid=9803&position=P"">Miles Mikolas</a>",34.0,99.1,4.439597457514432,4.000006826290876,17.0
14078,"<a href=""statss.aspx?playerid=14078&position=P"">Michael Wacha</a>",31.0,80.2,2.9008265034389202,3.7633048323218388,14.0
15689,"<a href=""statss.aspx?playerid=15689&position=P"">Luis Castillo</a>",30.0,94.1,2.862190851301737,3.742672874904033,16.0
20666,"<a href=""statss.aspx?playerid=20666&position=P"">Felix Bautista</a>",28.0,37.2,1.194690317790749,1.6886686095047552,0.0
18525,"<a href=""statss.aspx?playerid=18525&position=P"">Dylan Cease</a>",27.0,91.1,4.040146041649394,3.857230148902807,17.0
11156,"<a href=""statss.aspx?playerid=11156&position=P"">Merrill Kelly</a>",34.0,95.0,3.2210526962491626,3.8234614235410405,16.0
27779,"<a href=""statss.aspx?playerid=27779&position=P"">Bryce Elder</a>",24.0,96.0,2.4375000484287748,3.7550403694311782,16.0
10123,"<a href=""statss.aspx?playerid=10123&position=P"">Kyle Gibson</a>",35.0,96.2,4.655172582188634,3.855040381201383,17.0
13543,"<a href=""statss.aspx?playerid=13543&position=P"">Blake Snell</a>",30.0,87.0,3.206896586877413,3.795270250476419,16.0
19427,"<a href=""statss.aspx?playerid=19427&position=P"">Shane Bieber</a>",28.0,106.0,3.4811321694301793,3.9437196233680814,17.0
17606,"<a href=""statss.aspx?playerid=17606&position=P"">Cristian Javier</a>",26.0,87.0,3.724137971857641,4.071132322465874,16.0
21132,"<a href=""statss.aspx?playerid=21132&position=P"">Alexis Diaz</a>",26.0,36.0,2.0000002235174428,2.3661513712670956,0.0
21483,"<a href=""statss.aspx?playerid=21483&position=P"">Shane McClanahan</a>",26.0,96.0,2.53125005029142,3.827957037546569,17.0
13050,"<a href=""statss.aspx?playerid=13050&position=P"">Anthony DeSclafani</a>",33.0,90.1,4.284132901633469,3.7199850154883,16.0
13074,"<a href=""statss.aspx?playerid=13074&position=P"">Yu Darvish</a>",36.0,80.0,4.837500173002487,3.842540380507709,14.0
22201,"<a href=""statss.aspx?playerid=22201&position=P"">MacKenzie Gore</a>",24.0,85.2,3.887159648469551,4.060487854224996,16.0
15474,"<a href=""statss.aspx?playerid=15474&position=P"">Lucas Giolito</a>",28.0,99.1,3.5335570922129214,4.201349096442981,17.0
19569,"<a href=""statss.aspx?playerid=19569&position=P"">David Bednar</a>",28.0,31.1,1.4361702751464438,1.6912105043376096,0.0
17277,"<a href=""statss.aspx?playerid=17277&position=P"">Ranger Suarez</a>",27.0,51.0,3.1764706476336957,3.0001383939462185,9.0
21224,"<a href=""statss.aspx?playerid=21224&position=P"">Bailey Ober</a>",27.0,69.2,2.971291933819254,3.58518390769921,12.0
25911,"<a href=""statss.aspx?playerid=25911&position=P"">Yennier Cano</a>",29.0,39.1,1.1440679774917166,2.0855486491722046,0.0
14168,"<a href=""statss.aspx?playerid=14168&position=P"">Jose Berrios</a>",29.0,101.0,3.7425743987800826,4.057020587807088,17.0
19447,"<a href=""statss.aspx?playerid=19447&position=P"">Patrick Sandoval</a>",26.0,80.2,4.574380309503108,3.949255257416241,15.0
22487,"<a href=""statss.aspx?playerid=22487&position=P"">Johan Oviedo</a>",25.0,88.2,4.060150536062685,3.8302283521059506,16.0
10954,"<a href=""statss.aspx?playerid=10954&position=P"">Jacob deGrom</a>",35.0,30.1,2.670329782269228,1.5407545733489243,6.0
25385,"<a href=""statss.aspx?playerid=25385&position=P"">Drew Rasmussen</a>",27.0,44.2,2.619403078285725,2.538622423555675,8.0
4676,"<a href=""statss.aspx?playerid=4676&position=P"">Charlie Morton</a>",39.0,85.0,3.811764834182902,3.831510967135843,15.0
11828,"<a href=""statss.aspx?playerid=11828&position=P"">James Paxton</a>",34.0,50.0,2.700000051498414,3.215040358734131,9.0
11836,"<a href=""statss.aspx?playerid=11836&position=P"">Taijuan Walker</a>",30.0,89.1,3.9291046200501505,4.307279203613065,17.0
12447,"<a href=""statss.aspx?playerid=12447&position=P"">Seth Lugo</a>",33.0,57.2,3.5895954152983234,3.497814928647682,11.0
23920,"<a href=""statss.aspx?playerid=23920&position=P"">Brayan Bello</a>",24.0,73.0,3.0821918613536226,3.6933965353340303,13.0
31838,"<a href=""statss.aspx?playerid=31838&position=P"">Kodai Senga</a>",30.0,81.2,3.526530722062425,3.977489361586248,15.0
12970,"<a href=""statss.aspx?playerid=12970&position=P"">Joe Musgrove</a>",30.0,66.1,3.7989950476985728,3.6922262975258744,12.0
27768,"<a href=""statss.aspx?playerid=27768&position=P"">Eury Perez</a>",20.0,47.0,1.340425559113392,3.020997801556637,9.0
24586,"<a href=""statss.aspx?playerid=24586&position=P"">Kyle Bradish</a>",26.0,72.0,3.7500001490116177,3.6578181532797998,14.0
3137,"<a href=""statss.aspx?playerid=3137&position=P"">Max Scherzer</a>",38.0,76.2,3.873913123792423,4.063736028436903,14.0
24580,"<a href=""statss.aspx?playerid=24580&position=P"">Josiah Gray</a>",25.0,95.1,3.3041958482675065,4.534760656286391,17.0
10603,"<a href=""statss.aspx?playerid=10603&position=P"">Chris Sale</a>",34.0,59.0,4.576271260411396,3.678769179905533,11.0
10233,"<a href=""statss.aspx?playerid=10233&position=P"">Aroldis Chapman</a>",35.0,29.1,2.4545455709222974,1.6868584669633804,0.0
14212,"<a href=""statss.aspx?playerid=14212&position=P"">Josh Hader</a>",29.0,29.2,1.2134831745114962,2.176388648820185,0.0
19716,"<a href=""statss.aspx?playerid=19716&position=P"">Dustin May</a>",25.0,48.0,2.6250001043081324,3.2342070253358948,9.0
19409,"<a href=""statss.aspx?playerid=19409&position=P"">Dane Dunning</a>",28.0,80.1,2.6887968198152334,3.765413829924962,10.0
29837,"<a href=""statss.aspx?playerid=29837&position=P"">Bryce Miller</a>",24.0,59.0,3.9661018231311678,3.424531890400112,11.0
19899,"<a href=""statss.aspx?playerid=19899&position=P"">Clarke Schmidt</a>",27.0,82.1,4.372469905743303,4.165971589860259,17.0
17586,"<a href=""statss.aspx?playerid=17586&position=P"">Tanner Scott</a>",28.0,39.0,3.230769731942091,2.35760432284649,0.0
21032,"<a href=""statss.aspx?playerid=21032&position=P"">Emmanuel Clase</a>",25.0,38.2,2.5603449407269547,2.5050403263548313,0.0
27589,"<a href=""statss.aspx?playerid=27589&position=P"">Logan Allen</a>",24.0,62.1,3.465240765416994,3.6881954551741947,12.0
19531,"<a href=""statss.aspx?playerid=19531&position=P"">Jason Foley</a>",27.0,35.1,2.2924531775916135,2.236172280567464,0.0
18323,"<a href=""statss.aspx?playerid=18323&position=P"">Josh Sborz</a>",29.0,33.1,2.7000003371537153,2.235040232127889,0.0
19361,"<a href=""statss.aspx?playerid=19361&position=P"">Corbin Burnes</a>",28.0,94.1,4.10247355353249,4.304510338307708,16.0
17479,"<a href=""statss.aspx?playerid=17479&position=P"">Jack Flaherty</a>",27.0,80.0,4.950000177025801,4.18004039257765,15.0
11760,"<a href=""statss.aspx?playerid=11760&position=P"">Drew Smyly</a>",34.0,86.1,3.961390151013083,4.575503743168098,16.0
22543,"<a href=""statss.aspx?playerid=22543&position=P"">Taj Bradley</a>",22.0,53.0,4.754717152243458,3.6701347140580074,11.0
20253,"<a href=""statss.aspx?playerid=20253&position=P"">Griffin Jax</a>",28.0,34.0,3.1764708805868227,2.1373931978091143,0.0
26253,"<a href=""statss.aspx?playerid=26253&position=P"">Ryne Nelson</a>",25.0,83.1,4.968000132659916,4.431040390899659,16.0
25756,"<a href=""statss.aspx?playerid=25756&position=P"">Matt Brash</a>",25.0,33.2,3.7425753617568067,1.8292973645420965,0.0
13799,"<a href=""statss.aspx?playerid=13799&position=P"">Matt Strahm</a>",31.0,52.1,3.783439793520595,3.560772868064391,9.0
30134,"<a href=""statss.aspx?playerid=30134&position=P"">Tanner Bibee</a>",24.0,59.1,3.792134973681079,3.8280740888533225,11.0
14916,"<a href=""statss.aspx?playerid=14916&position=P"">Jon Gray</a>",31.0,87.0,3.2068966220306883,4.358488659550641,15.0
13649,"<a href=""statss.aspx?playerid=13649&position=P"">Clay Holmes</a>",30.0,32.1,2.505155058653547,2.172565951436896,0.0
20000,"<a href=""statss.aspx?playerid=20000&position=P"">Tyler Wells</a>",28.0,92.2,3.2050360591815994,4.550004423812868,15.0
21267,"<a href=""statss.aspx?playerid=21267&position=P"">Jake Bird</a>",27.0,52.1,3.439491058277213,3.197715508525784,1.0
27483,"<a href=""statss.aspx?playerid=27483&position=P"">Bobby Miller</a>",24.0,38.1,4.22608709670646,3.359388189045378,7.0
16122,"<a href=""statss.aspx?playerid=16122&position=P"">Jordan Romano</a>",30.0,33.2,2.9405942060452936,2.868901726380012,0.0
21992,"<a href=""statss.aspx?playerid=21992&position=P"">Camilo Doval</a>",25.0,38.0,1.89473714524694,2.8866192479212764,0.0
17639,"<a href=""statss.aspx?playerid=17639&position=P"">Justin Lawrence</a>",28.0,43.0,2.9302328891726157,3.045738010270455,0.0
14843,"<a href=""statss.aspx?playerid=14843&position=P"">Michael Lorenzen</a>",31.0,82.0,4.280487904443692,4.291625749462067,14.0
4806,"<a href=""statss.aspx?playerid=4806&position=P"">Rich Hill</a>",43.0,89.0,4.449438345280283,4.243804436226021,16.0
17859,"<a href=""statss.aspx?playerid=17859&position=P"">Adbert Alzolay</a>",28.0,34.0,1.8529413989825911,2.5197461535515977,0.0
18655,"<a href=""statss.aspx?playerid=18655&position=P"">A.J. Minter</a>",29.0,37.2,5.256637697735614,2.856810230880736,0.0
21894,"<a href=""statss.aspx?playerid=21894&position=P"">Gregory Santos</a>",23.0,41.0,2.634146722493519,2.4989426891517086,0.0
13293,"<a href=""statss.aspx?playerid=13293&position=P"">Danny Coulombe</a>",33.0,27.2,2.2771092538160667,2.4960039415583815,0.0
15042,"<a href=""statss.aspx?playerid=15042&position=P"">Tim Mayza</a>",31.0,28.0,1.2857148987909244,1.9336111579619544,0.0
19879,"<a href=""statss.aspx?playerid=19879&position=P"">Tanner Houck</a>",27.0,67.2,5.05418723960639,4.200853176265518,13.0
25377,"<a href=""statss.aspx?playerid=25377&position=P"">Brady Singer</a>",26.0,82.2,5.8790324389252335,4.4042339432376,16.0
15440,"<a href=""statss.aspx?playerid=15440&position=P"">Matthew Boyd</a>",32.0,71.0,5.450704522784154,4.353631968740388,15.0
16256,"<a href=""statss.aspx?playerid=16256&position=P"">Kyle Freeland</a>",30.0,90.1,4.881918939447694,5.048398337253366,17.0
9323,"<a href=""statss.aspx?playerid=9323&position=P"">Patrick Corbin</a>",33.0,96.2,4.84137934218689,4.837798990596632,17.0
18138,"<a href=""statss.aspx?playerid=18138&position=P"">Ryan Helsley</a>",28.0,25.0,3.2400007724763804,2.575040197372398,0.0
12049,"<a href=""statss.aspx?playerid=12049&position=P"">Kyle Hendricks</a>",33.0,41.2,2.8080000428466803,3.615040364990235,7.0
1943,"<a href=""statss.aspx?playerid=1943&position=P"">Zack Greinke</a>",39.0,87.1,5.152671943281332,4.606185446846397,17.0
19388,"<a href=""statss.aspx?playerid=19388&position=P"">Tony Gonsolin</a>",29.0,57.1,3.2965117558522685,4.423645056016129,11.0
8048,"<a href=""statss.aspx?playerid=8048&position=P"">Will Smith</a>",33.0,29.2,2.730337507446258,2.715714432100279,0.0
5448,"<a href=""statss.aspx?playerid=5448&position=P"">Jesse Chavez</a>",39.0,29.0,1.5517244122116718,2.461936771033327,1.0
17780,"<a href=""statss.aspx?playerid=17780&position=P"">Jose Alvarado</a>",28.0,23.1,1.5428571638769035,2.097897486589393,0.0
22713,"<a href=""statss.aspx?playerid=22713&position=P"">Carlos Hernandez</a>",26.0,39.2,4.310924772448635,2.649998286170946,4.0
18064,"<a href=""statss.aspx?playerid=18064&position=P"">Phil Maton</a>",30.0,40.2,1.770491960708009,2.6894665387153456,0.0
12988,"<a href=""statss.aspx?playerid=12988&position=P"">Andrew Chafin</a>",33.0,28.0,2.8928579988378753,2.5407544338580896,0.0
3096,"<a href=""statss.aspx?playerid=3096&position=P"">Kenley Jansen</a>",35.0,27.1,3.292683094367615,3.1818696240666795,0.0
19343,"<a href=""statss.aspx?playerid=19343&position=P"">A.J. Puk</a>",28.0,25.0,2.880000360488937,2.655040284395209,0.0
19867,"<a href=""statss.aspx?playerid=19867&position=P"">Griffin Canning</a>",27.0,71.1,4.28971970263543,4.502703933139402,13.0
13892,"<a href=""statss.aspx?playerid=13892&position=P"">Paul Sewald</a>",33.0,31.2,2.8421054191866824,2.8760929702721794,0.0
7005,"<a href=""statss.aspx?playerid=7005&position=P"">Ryan Pressly</a>",34.0,35.1,2.8018868200244875,2.8022101663617995,0.0
8700,"<a href=""statss.aspx?playerid=8700&position=P"">Justin Verlander</a>",40.0,57.0,4.105263157894737,4.202408780549702,10.0
21690,"<a href=""statss.aspx?playerid=21690&position=P"">Edward Cabrera</a>",25.0,67.0,4.701492671155009,4.4639956177940725,14.0
12880,"<a href=""statss.aspx?playerid=12880&position=P"">Tyler Anderson</a>",33.0,74.2,5.544642975173741,4.661290389432439,14.0
15541,"<a href=""statss.aspx?playerid=15541&position=P"">Tyler Rogers</a>",32.0,41.1,1.741935669336949,3.013104849866939,0.0
7048,"<a href=""statss.aspx?playerid=7048&position=P"">Fernando Cruz</a>",33.0,31.0,4.9354844830473565,2.706653194714031,0.0
20367,"<a href=""statss.aspx?playerid=20367&position=P"">Brusdar Graterol</a>",24.0,35.0,2.0571431584261344,2.9693260319378854,1.0
13942,"<a href=""statss.aspx?playerid=13942&position=P"">Brent Suter</a>",33.0,41.2,2.808000307960544,3.3750403726577773,0.0
18337,"<a href=""statss.aspx?playerid=18337&position=P"">Nick Anderson</a>",32.0,32.0,3.3750002074521164,3.0362903460511,0.0
25679,"<a href=""statss.aspx?playerid=25679&position=P"">Kevin Kelly</a>",25.0,37.0,2.918919636003463,2.9847700228300833,0.0
15551,"<a href=""statss.aspx?playerid=15551&position=P"">Mark Leiter Jr.</a>",32.0,33.2,2.4059410079468617,2.7203868021755455,0.0
18679,"<a href=""statss.aspx?playerid=18679&position=P"">Freddy Peralta</a>",27.0,86.2,4.673077008780645,4.616578846005999,16.0
8241,"<a href=""statss.aspx?playerid=8241&position=P"">David Robertson</a>",38.0,36.0,2.000000158945732,3.3661514794385,0.0
20531,"<a href=""statss.aspx?playerid=20531&position=P"">Kutter Crawford</a>",27.0,51.2,4.006451740778452,3.9711694146120595,7.0
14739,"<a href=""statss.aspx?playerid=14739&position=P"">Paul Blackburn</a>",29.0,31.0,3.7741936644952117,3.222782293988564,6.0
16727,"<a href=""statss.aspx?playerid=16727&position=P"">Brock Stewart</a>",31.0,25.2,0.701298830229332,2.4368583908961834,0.0
11847,"<a href=""statss.aspx?playerid=11847&position=P"">Chris Martin</a>",37.0,25.0,1.8000000751018554,2.375040322780608,0.0
12304,"<a href=""statss.aspx?playerid=12304&position=P"">Chris Bassitt</a>",34.0,99.2,4.063545254188595,4.800190900595943,17.0
17874,"<a href=""statss.aspx?playerid=17874&position=P"">Nestor Cortes</a>",28.0,59.1,5.157303481312087,4.569647129243289,11.0
17734,"<a href=""statss.aspx?playerid=17734&position=P"">Evan Phillips</a>",28.0,32.0,1.9687501851876905,2.9112903271627117,0.0
17677,"<a href=""statss.aspx?playerid=17677&position=P"">Jeffrey Springs</a>",30.0,16.0,0.5625,1.8175403594970705,3.0
12763,"<a href=""statss.aspx?playerid=12763&position=P"">Chris Devenski</a>",32.0,29.0,3.103448693661627,3.2550403594970705,0.0
19853,"<a href=""statss.aspx?playerid=19853&position=P"">Michael King</a>",28.0,41.0,3.073171165073213,3.133089122787816,0.0
12808,"<a href=""statss.aspx?playerid=12808&position=P"">Mike Clevinger</a>",32.0,62.2,3.877659672819799,4.866742528035341,12.0
12730,"<a href=""statss.aspx?playerid=12730&position=P"">Nick Martinez</a>",32.0,60.0,3.9000001859665008,4.055040397644045,4.0
19769,"<a href=""statss.aspx?playerid=19769&position=P"">Will Vest</a>",28.0,29.2,2.730337600702238,2.446051440770481,3.0
12317,"<a href=""statss.aspx?playerid=12317&position=P"">Colin Rea</a>",32.0,69.0,4.565217584540586,4.660837520450839,13.0
23735,"<a href=""statss.aspx?playerid=23735&position=P"">Luis Garcia</a>",26.0,27.0,4.0,3.6254107298674407,6.0
14542,"<a href=""statss.aspx?playerid=14542&position=P"">Carlos Estevez</a>",30.0,33.0,1.909091024605703,3.497464616589858,0.0
19261,"<a href=""statss.aspx?playerid=19261&position=P"">Ian Hamilton</a>",28.0,23.0,1.1739131971095347,1.8202575630298616,0.0
29911,"<a href=""statss.aspx?playerid=29911&position=P"">Andrew Abbott</a>",24.0,29.2,1.2134831720734323,3.7606583478610007,5.0
13394,"<a href=""statss.aspx?playerid=13394&position=P"">Dylan Floro</a>",32.0,30.2,4.402174740142586,2.994170745266399,0.0
20191,"<a href=""statss.aspx?playerid=20191&position=P"">Garrett Whitlock</a>",27.0,50.2,5.151315951074925,4.281356181167171,9.0
11804,"<a href=""statss.aspx?playerid=11804&position=P"">Hector Neris</a>",34.0,32.2,1.1020409443486834,3.3162648564053305,0.0
15507,"<a href=""statss.aspx?playerid=15507&position=P"">Hunter Harvey</a>",28.0,36.0,3.250000729122259,3.505040415583398,0.0
13183,"<a href=""statss.aspx?playerid=13183&position=P"">Zach Davies</a>",30.0,42.2,6.539062889758521,4.028477905597541,9.0
12777,"<a href=""statss.aspx?playerid=12777&position=P"">John Brebbia</a>",33.0,28.2,3.139535403770736,2.6969007321600507,8.0
11189,"<a href=""statss.aspx?playerid=11189&position=P"">Vince Velasquez</a>",31.0,37.1,3.8571429885163644,3.8711118090517678,8.0
16258,"<a href=""statss.aspx?playerid=16258&position=P"">Aaron Bummer</a>",29.0,26.0,6.576925949189281,2.7550401411376515,0.0
9111,"<a href=""statss.aspx?playerid=9111&position=P"">Brad Hand</a>",33.0,27.1,3.6219519448336746,2.779430508155275,0.0
13761,"<a href=""statss.aspx?playerid=13761&position=P"">Chris Stratton</a>",32.0,38.2,4.189655877450571,2.996419626321109,0.0
15690,"<a href=""statss.aspx?playerid=15690&position=P"">Jimmy Cordero</a>",31.0,30.2,3.228261689439145,2.7659098004911393,1.0
13361,"<a href=""statss.aspx?playerid=13361&position=P"">Steven Matz</a>",32.0,64.0,4.921875366708291,4.333165439823649,10.0
30279,"<a href=""statss.aspx?playerid=30279&position=P"">Bryan Woo</a>",23.0,22.2,4.367647365096553,2.9462168084296376,5.0
13743,"<a href=""statss.aspx?playerid=13743&position=P"">Max Fried</a>",29.0,26.0,2.0769231531041643,3.0242711202632746,5.0
21446,"<a href=""statss.aspx?playerid=21446&position=P"">Ryan Feltner</a>",26.0,35.1,5.858491093121933,4.330512154369696,8.0
16609,"<a href=""statss.aspx?playerid=16609&position=P"">Bryan Abreu</a>",26.0,38.0,2.6052633642613885,3.0708298185896994,0.0
8779,"<a href=""statss.aspx?playerid=8779&position=P"">Wade Miley</a>",36.0,56.2,3.017647092680618,4.5079815500252804,11.0
19618,"<a href=""statss.aspx?playerid=19618&position=P"">Jordan Hicks</a>",26.0,33.1,4.050000650569901,3.0750403305828526,0.0
17149,"<a href=""statss.aspx?playerid=17149&position=P"">Domingo German</a>",30.0,81.1,4.536885423225865,4.841105995258959,15.0
14993,"<a href=""statss.aspx?playerid=14993&position=P"">Scott Barlow</a>",30.0,29.2,4.247191392386661,3.1539167549164357,0.0
6655,"<a href=""statss.aspx?playerid=6655&position=P"">Craig Kimbrel</a>",35.0,33.0,3.818182059556015,3.4671615850279602,0.0
12056,"<a href=""statss.aspx?playerid=12056&position=P"">Scott McGough</a>",33.0,42.0,3.0000007173846464,3.4931356545275984,0.0
2520,"<a href=""statss.aspx?playerid=2520&position=P"">Lance Lynn</a>",36.0,96.0,6.468750192783778,5.067540413513782,17.0
20353,"<a href=""statss.aspx?playerid=20353&position=P"">Steven Wilson</a>",28.0,37.0,2.432432824281877,3.957743175400724,0.0
15046,"<a href=""statss.aspx?playerid=15046&position=P"">Trevor Gott</a>",30.0,29.0,4.034483455165933,2.979178242904528,0.0
19349,"<a href=""statss.aspx?playerid=19349&position=P"">Caleb Ferguson</a>",26.0,30.0,3.0000006228686673,3.521707081529841,1.0
9761,"<a href=""statss.aspx?playerid=9761&position=P"">Joe Kelly</a>",35.0,26.0,3.807692752875572,2.8319633869553402,0.0
14874,"<a href=""statss.aspx?playerid=14874&position=P"">Sam Moll</a>",31.0,30.0,4.500001846254629,2.9550402364134287,1.0
19479,"<a href=""statss.aspx?playerid=19479&position=P"">Aaron Civale</a>",28.0,39.2,3.1764707918869655,4.0365530146438635,7.0
31757,"<a href=""statss.aspx?playerid=31757&position=P"">Mason Miller</a>",24.0,21.1,3.37500005029142,3.0675403567031028,4.0
19677,"<a href=""statss.aspx?playerid=19677&position=P"">Gregory Soto</a>",28.0,31.1,4.308511538489418,3.2869552597821774,0.0
15467,"<a href=""statss.aspx?playerid=15467&position=P"">Marco Gonzales</a>",31.0,50.0,5.220000199127205,4.2750403984069845,10.0
12718,"<a href=""statss.aspx?playerid=12718&position=P"">Adrian Houser</a>",30.0,46.1,3.884892192947393,4.2694288765444455,8.0
16703,"<a href=""statss.aspx?playerid=16703&position=P"">Julian Merryweather</a>",31.0,34.1,2.883495607843841,2.6725159942760923,0.0
6902,"<a href=""statss.aspx?playerid=6902&position=P"">Martin Perez</a>",32.0,90.1,4.284132992091055,4.826996134372858,16.0
20515,"<a href=""statss.aspx?playerid=20515&position=P"">Kyle Nelson</a>",26.0,30.2,2.64130529585295,3.3854751889219075,0.0
19883,"<a href=""statss.aspx?playerid=19883&position=P"">Alex Lange</a>",27.0,32.2,4.13265353376699,3.2856526078953445,0.0
21504,"<a href=""statss.aspx?playerid=21504&position=P"">Jake Irvin</a>",26.0,47.2,4.720279972118029,4.954341149459561,10.0
21029,"<a href=""statss.aspx?playerid=21029&position=P"">Jhoan Duran</a>",25.0,31.0,1.4516129981218653,3.2550403594970705,0.0
18498,"<a href=""statss.aspx?playerid=18498&position=P"">Kenta Maeda</a>",35.0,26.0,6.230769230769231,3.562732667189378,6.0
20070,"<a href=""statss.aspx?playerid=20070&position=P"">Bailey Falter</a>",26.0,40.1,5.132231688110271,4.717850357557485,7.0
20778,"<a href=""statss.aspx?playerid=20778&position=P"">Cristopher Sanchez</a>",26.0,19.1,3.2586207432355674,3.1515920819340364,4.0
27552,"<a href=""statss.aspx?playerid=27552&position=P"">Graham Ashcraft</a>",25.0,75.2,6.6607931754088945,5.39600959444993,15.0
20373,"<a href=""statss.aspx?playerid=20373&position=P"">Andres Munoz</a>",24.0,12.0,3.000000514090149,1.2550400167703044,0.0
19804,"<a href=""statss.aspx?playerid=19804&position=P"">Bryan Baker</a>",28.0,32.1,4.175258969868859,3.316896047939572,0.0
21455,"<a href=""statss.aspx?playerid=21455&position=P"">Kris Bubic</a>",25.0,16.0,3.9375,2.6300403594970705,3.0
14332,"<a href=""statss.aspx?playerid=14332&position=P"">Joel Payamps</a>",29.0,37.1,2.169643168321057,3.6836118495357977,0.0
15873,"<a href=""statss.aspx?playerid=15873&position=P"">Sean Manaea</a>",31.0,52.1,5.6751597872360895,4.229562747204278,6.0
21850,"<a href=""statss.aspx?playerid=21850&position=P"">Mason Thompson</a>",25.0,39.1,3.66101764170351,3.7889387655788322,0.0
14814,"<a href=""statss.aspx?playerid=14814&position=P"">Buck Farmer</a>",32.0,39.2,3.176471278741848,4.1121834029670925,0.0
13470,"<a href=""statss.aspx?playerid=13470&position=P"">Lucas Sims</a>",29.0,31.1,3.159575107189226,4.148657561530387,0.0
21212,"<a href=""statss.aspx?playerid=21212&position=P"">J.P. France</a>",28.0,60.1,3.1325968501368595,4.779902318293849,10.0
16918,"<a href=""statss.aspx?playerid=16918&position=P"">Luke Weaver</a>",29.0,64.2,6.9587633655129615,5.389061124921046,13.0
23150,"<a href=""statss.aspx?playerid=23150&position=P"">Osvaldo Bido</a>",27.0,19.0,4.736842343021309,3.465566685853573,4.0
14374,"<a href=""statss.aspx?playerid=14374&position=P"">Tyler Glasnow</a>",29.0,30.1,4.45054963711538,3.8154799434301183,6.0
16977,"<a href=""statss.aspx?playerid=16977&position=P"">Trevor Williams</a>",31.0,80.0,4.275000152885919,5.317540433257822,16.0
17170,"<a href=""statss.aspx?playerid=17170&position=P"">Gabe Speier</a>",28.0,28.2,4.081396623177015,2.9062030412768127,0.0
13580,"<a href=""statss.aspx?playerid=13580&position=P"">Steven Okert</a>",31.0,28.0,2.571429137976927,3.397897533829122,0.0
19493,"<a href=""statss.aspx?playerid=19493&position=P"">Zach Jackson</a>",28.0,18.0,2.5000004221996384,3.088373664683761,0.0
6107,"<a href=""statss.aspx?playerid=6107&position=P"">Huascar Brazoban</a>",33.0,39.2,3.4033621738616646,3.708821982678626,0.0
21652,"<a href=""statss.aspx?playerid=21652&position=P"">Elvis Peguero</a>",26.0,30.0,2.7000005418063298,3.4550403996308727,0.0
21101,"<a href=""statss.aspx?playerid=21101&position=P"">Dauri Moreta</a>",27.0,35.0,3.8571437373455266,3.455040405137209,0.0
25942,"<a href=""statss.aspx?playerid=25942&position=P"">Andrew Nardi</a>",24.0,35.1,2.5471704959574155,3.7927763530880805,0.0
24968,"<a href=""statss.aspx?playerid=24968&position=P"">Reese Olson</a>",23.0,26.1,4.784810357627886,3.748711269411059,5.0
18356,"<a href=""statss.aspx?playerid=18356&position=P"">Jaime Barria</a>",26.0,49.1,2.918919050580317,4.572607986495131,5.0
20546,"<a href=""statss.aspx?playerid=20546&position=P"">Grant Anderson</a>",26.0,17.2,3.0566042135856506,2.9720214508317326,0.0
15145,"<a href=""statss.aspx?playerid=15145&position=P"">Justin Topa</a>",32.0,30.2,3.22826104629821,3.3202577543717817,0.0
19362,"<a href=""statss.aspx?playerid=19362&position=P"">Keegan Akin</a>",28.0,23.2,6.8450726665248975,2.9592656146472294,1.0
20422,"<a href=""statss.aspx?playerid=20422&position=P"">Jovani Moran</a>",26.0,33.2,4.277228708466569,3.3144463137813283,0.0
11384,"<a href=""statss.aspx?playerid=11384&position=P"">Tommy Kahnle</a>",33.0,10.2,0.0,1.5675402494845847,0.0
13607,"<a href=""statss.aspx?playerid=13607&position=P"">Carl Edwards Jr.</a>",31.0,31.2,3.694737274438771,3.855040429705076,0.0
15264,"<a href=""statss.aspx?playerid=15264&position=P"">Keynan Middleton</a>",29.0,28.0,2.571428940916601,3.147897486958879,0.0
17432,"<a href=""statss.aspx?playerid=17432&position=P"">Jeff Hoffman</a>",30.0,18.1,2.9454547641100137,2.600494856361512,0.0
16587,"<a href=""statss.aspx?playerid=16587&position=P"">Erik Swanson</a>",29.0,38.1,2.8173915467505855,3.6985186585226257,0.0
23488,"<a href=""statss.aspx?playerid=23488&position=P"">Ron Marinaccio</a>",27.0,35.1,3.056604329601493,3.7078706305491433,0.0
20203,"<a href=""statss.aspx?playerid=20203&position=P"">Eli Morgan</a>",27.0,33.1,1.890000188693423,3.405040374472739,0.0
19360,"<a href=""statss.aspx?playerid=19360&position=P"">Lucas Erceg</a>",28.0,20.0,4.050000814721153,3.0050403092056412,0.0
6399,"<a href=""statss.aspx?playerid=6399&position=P"">Jose Cisnero</a>",34.0,31.0,2.032258732696201,3.771169561451661,0.0
15816,"<a href=""statss.aspx?playerid=15816&position=P"">Devin Williams</a>",28.0,28.2,1.5697675305300354,3.6387613114044126,0.0
13801,"<a href=""statss.aspx?playerid=13801&position=P"">Austin Adams</a>",32.0,10.2,3.3750012007080565,1.8487898592020464,0.0
16358,"<a href=""statss.aspx?playerid=16358&position=P"">Tyler Mahle</a>",28.0,25.2,3.1558442340168207,4.190105317724276,5.0
19312,"<a href=""statss.aspx?playerid=19312&position=P"">Cal Quantrill</a>",28.0,62.2,6.175532165508358,4.882700000018653,12.0
20302,"<a href=""statss.aspx?playerid=20302&position=P"">David Peterson</a>",27.0,45.0,7.000000148349341,4.5439292757010765,9.0
22810,"<a href=""statss.aspx?playerid=22810&position=P"">Roansy Contreras</a>",23.0,65.0,5.953846418638919,4.670425037829837,11.0
14932,"<a href=""statss.aspx?playerid=14932&position=P"">Ben Lively</a>",31.0,46.0,4.108695907718984,5.102866561381269,7.0
14771,"<a href=""statss.aspx?playerid=14771&position=P"">Emilio Pagan</a>",32.0,34.1,3.932039441349733,3.5754287584218636,0.0
19932,"<a href=""statss.aspx?playerid=19932&position=P"">Trevor Stephan</a>",27.0,35.0,2.5714288713981044,3.9978975890120783,0.0
13218,"<a href=""statss.aspx?playerid=13218&position=P"">Michael Fulmer</a>",30.0,35.2,4.79439330188228,3.787750726372879,0.0
18000,"<a href=""statss.aspx?playerid=18000&position=P"">Triston McKenzie</a>",25.0,10.0,4.5,2.7550403594970705,2.0
19876,"<a href=""statss.aspx?playerid=19876&position=P"">Kevin Ginkel</a>",29.0,31.1,2.585106743601715,3.2550403594970705,0.0
17759,"<a href=""statss.aspx?playerid=17759&position=P"">Angel Perdomo</a>",29.0,11.1,4.76470733158154,2.1962165080345057,0.0
19990,"<a href=""statss.aspx?playerid=19990&position=P"">Bryse Wilson</a>",25.0,38.2,2.5603452031872167,3.7205576691674738,0.0
19403,"<a href=""statss.aspx?playerid=19403&position=P"">Colin Poche</a>",29.0,30.2,2.05434801242191,4.0702578247438606,0.0
29839,"<a href=""statss.aspx?playerid=29839&position=P"">Emmet Sheehan</a>",23.0,17.0,2.6470588235294117,4.078569771261776,3.0
6984,"<a href=""statss.aspx?playerid=6984&position=P"">Luis Garcia</a>",36.0,26.1,4.784811121161575,3.444913816686022,0.0
22318,"<a href=""statss.aspx?playerid=22318&position=P"">Jose Hernandez</a>",25.0,27.1,2.634146863225771,3.4013818518985026,0.0
16162,"<a href=""statss.aspx?playerid=16162&position=P"">Brandon Woodruff</a>",30.0,11.1,0.7941176693332243,3.0785697663119094,2.0
19996,"<a href=""statss.aspx?playerid=19996&position=P"">Dylan Lee</a>",28.0,20.1,3.0983614898105043,3.304220700605174,1.0
15423,"<a href=""statss.aspx?playerid=15423&position=P"">Andrew Heaney</a>",32.0,78.0,4.38461559905104,5.088373782492096,15.0
24933,"<a href=""statss.aspx?playerid=24933&position=P"">Andrew Wantz</a>",27.0,23.2,4.563380978926251,3.7620826904888762,0.0
16835,"<a href=""statss.aspx?playerid=16835&position=P"">Brennan Bernardino</a>",31.0,24.0,2.2500004721806444,3.421707061140081,0.0
21367,"<a href=""statss.aspx?playerid=21367&position=P"">Peter Strzelecki</a>",28.0,35.2,4.5420568047190315,3.7877507254826357,0.0
22361,"<a href=""statss.aspx?playerid=22361&position=P"">Colin Holderman</a>",27.0,24.2,4.013513791530669,3.417202532892249,0.0
23429,"<a href=""statss.aspx?playerid=23429&position=P"">JP Sears</a>",27.0,87.1,4.43129782283246,5.098551856851143,16.0
18331,"<a href=""statss.aspx?playerid=18331&position=P"">James Kaprielian</a>",29.0,61.0,6.34426259883981,5.074712577768954,11.0
14765,"<a href=""statss.aspx?playerid=14765&position=P"">Julio Urias</a>",26.0,55.1,4.391566441667885,5.279136826438648,10.0
26231,"<a href=""statss.aspx?playerid=26231&position=P"">Tyler Holton</a>",27.0,42.2,2.109375321688325,3.840977948854939,1.0
17722,"<a href=""statss.aspx?playerid=17722&position=P"">Trevor Megill</a>",29.0,14.2,4.909091461049686,2.1641311459304737,0.0
22100,"<a href=""statss.aspx?playerid=22100&position=P"">Jose Soriano</a>",24.0,11.1,2.382353014264348,2.28445209442641,0.0
19874,"<a href=""statss.aspx?playerid=19874&position=P"">Alex Faedo</a>",27.0,26.0,5.538461741611105,4.485809635410649,5.0
12575,"<a href=""statss.aspx?playerid=12575&position=P"">Nick Ramirez</a>",33.0,18.2,1.9285718021648994,2.8800402868538955,0.0
19871,"<a href=""statss.aspx?playerid=19871&position=P"">Tucker Davidson</a>",27.0,29.0,6.517242055762891,3.3584886460964816,0.0
27472,"<a href=""statss.aspx?playerid=27472&position=P"">Jared Shuster</a>",24.0,45.0,5.000000317891459,4.832818237587264,9.0
18694,"<a href=""statss.aspx?playerid=18694&position=P"">Kolby Allard</a>",25.0,4.2,0.0,0.4693256942592807,1.0
22286,"<a href=""statss.aspx?playerid=22286&position=P"">Trevor Rogers</a>",25.0,18.0,4.000000211927637,4.088373736981995,4.0
18333,"<a href=""statss.aspx?playerid=18333&position=P"">Alex Young</a>",29.0,32.2,2.7551031249832874,4.418306123378903,0.0
20020,"<a href=""statss.aspx?playerid=20020&position=P"">John Schreiber</a>",29.0,17.0,2.117647311266761,3.137393286648917,0.0
23443,"<a href=""statss.aspx?playerid=23443&position=P"">Tom Cosgrove</a>",27.0,17.0,0.5294118890713123,2.9609226433463416,0.0
17968,"<a href=""statss.aspx?playerid=17968&position=P"">Brock Burke</a>",26.0,32.0,3.0937505848997913,3.9425404894748017,0.0
19482,"<a href=""statss.aspx?playerid=19482&position=P"">Andrew Vasquez</a>",29.0,35.0,1.8000001992498347,3.9693261528501793,0.0
1890,"<a href=""statss.aspx?playerid=1890&position=P"">Matt Moore</a>",34.0,25.0,1.4400001716613975,3.695040411949164,0.0
15947,"<a href=""statss.aspx?playerid=15947&position=P"">Ryne Stanek</a>",31.0,25.2,4.207792654027872,3.9563391351683825,0.0
15009,"<a href=""statss.aspx?playerid=15009&position=P"">Kyle Finnegan</a>",31.0,33.1,3.5100003472924577,4.395040472292911,0.0
19309,"<a href=""statss.aspx?playerid=19309&position=P"">Trevor Richards</a>",30.0,38.2,3.258620999416855,4.082626645063256,3.0
20633,"<a href=""statss.aspx?playerid=20633&position=P"">Yusei Kikuchi</a>",32.0,84.0,3.750000127724243,5.255040427616667,16.0
18403,"<a href=""statss.aspx?playerid=18403&position=P"">Enyel De Los Santos</a>",27.0,33.0,2.727273145983106,3.739888918782956,0.0
18548,"<a href=""statss.aspx?playerid=18548&position=P"">Sam Hentges</a>",26.0,20.0,3.150000652447478,3.30504036985338,0.0
25636,"<a href=""statss.aspx?playerid=25636&position=P"">Hunter Gaddis</a>",25.0,31.1,5.170212975774439,4.8188702101942775,6.0
15454,"<a href=""statss.aspx?playerid=15454&position=P"">Nick Pivetta</a>",30.0,60.0,5.100000341981672,4.788373795648423,8.0
17130,"<a href=""statss.aspx?playerid=17130&position=P"">Raisel Iglesias</a>",33.0,22.2,4.3676473938096505,3.6962168639222877,0.0
19868,"<a href=""statss.aspx?playerid=19868&position=P"">Drew Carlton</a>",27.0,20.2,4.35483906344435,3.78729846725138,0.0
19274,"<a href=""statss.aspx?playerid=19274&position=P"">Jacob Webb</a>",29.0,18.2,2.4107146410899265,4.112183342995711,0.0
21537,"<a href=""statss.aspx?playerid=21537&position=P"">Daniel Lynch IV</a>",26.0,36.1,3.9633027869697255,4.988985328796325,6.0
19979,"<a href=""statss.aspx?playerid=19979&position=P"">Zach Plesac</a>",28.0,21.1,7.593750113155695,4.473790377657861,5.0
15684,"<a href=""statss.aspx?playerid=15684&position=P"">Miguel Castro</a>",28.0,33.1,3.2400007319213615,4.035040535700361,0.0
10061,"<a href=""statss.aspx?playerid=10061&position=P"">Brooks Raley</a>",35.0,28.2,2.511628691185855,3.91783126411556,0.0
15038,"<a href=""statss.aspx?playerid=15038&position=P"">German Marquez</a>",28.0,20.0,4.950000236034405,4.60504042387009,4.0
20423,"<a href=""statss.aspx?playerid=20423&position=P"">Ryan Walker</a>",27.0,20.0,1.8000002682209415,3.4550403892993975,4.0
19205,"<a href=""statss.aspx?playerid=19205&position=P"">Jesse Scholtens</a>",29.0,27.1,2.96341477846866,4.133089182747044,1.0
22294,"<a href=""statss.aspx?playerid=22294&position=P"">Matthew Liberatore</a>",23.0,27.1,5.597561040710368,4.755040376942333,6.0
13435,"<a href=""statss.aspx?playerid=13435&position=P"">Pierce Johnson</a>",32.0,33.0,6.000000948255862,4.467161763185123,0.0
16408,"<a href=""statss.aspx?playerid=16408&position=P"">Victor Gonzalez</a>",27.0,22.1,4.432836883681515,3.6132494006026477,1.0
10343,"<a href=""statss.aspx?playerid=10343&position=P"">Aaron Loup</a>",35.0,20.2,4.790323695115826,3.4969758996544353,0.0
21318,"<a href=""statss.aspx?playerid=21318&position=P"">Tylor Megill</a>",27.0,71.1,5.172897426787824,5.077470347254298,15.0
16990,"<a href=""statss.aspx?playerid=16990&position=P"">Tanner Banks</a>",31.0,22.0,5.3181822792558044,4.164131347404045,3.0
11674,"<a href=""statss.aspx?playerid=11674&position=P"">Jameson Taillon</a>",31.0,58.2,6.9034095023843625,5.232313204624443,13.0
13767,"<a href=""statss.aspx?playerid=13767&position=P"">JT Chargois</a>",32.0,19.1,3.724138784493813,3.565385258204888,0.0
27597,"<a href=""statss.aspx?playerid=27597&position=P"">Cody Bradford</a>",25.0,19.1,5.586207281182437,4.28952318934567,4.0
10315,"<a href=""statss.aspx?playerid=10315&position=P"">Michael Tonkin</a>",33.0,39.0,2.7692309723803428,4.049912212680317,0.0
12095,"<a href=""statss.aspx?playerid=12095&position=P"">Yimi Garcia</a>",32.0,33.0,5.181819145837285,3.8611010783084487,0.0
19200,"<a href=""statss.aspx?playerid=19200&position=P"">Jose Quijada</a>",27.0,9.0,6.000000695387603,3.143929235508411,0.0
19350,"<a href=""statss.aspx?playerid=19350&position=P"">Dean Kremer</a>",27.0,91.0,5.043956202537082,5.090205252359146,17.0
12857,"<a href=""statss.aspx?playerid=12857&position=P"">Shawn Armstrong</a>",32.0,15.0,1.2000000786781362,3.121707017421722,1.0
30122,"<a href=""statss.aspx?playerid=30122&position=P"">Gavin Williams</a>",23.0,12.2,2.8421054058127857,3.886619338566579,2.0
17998,"<a href=""statss.aspx?playerid=17998&position=P"">Pete Fairbanks</a>",29.0,16.1,1.6530614708151503,3.867285348687867,0.0
10078,"<a href=""statss.aspx?playerid=10078&position=P"">Caleb Thielbar</a>",36.0,10.1,1.7419360599460185,3.158266133944514,0.0
11752,"<a href=""statss.aspx?playerid=11752&position=P"">Luke Jackson</a>",31.0,8.1,2.160000082397464,1.575040295410154,0.0
13781,"<a href=""statss.aspx?playerid=13781&position=P"">Alex Wood</a>",32.0,43.1,4.5692311044275655,4.501194297068224,9.0
7593,"<a href=""statss.aspx?playerid=7593&position=P"">Jordan Lyles</a>",32.0,91.2,6.676363752128666,5.567767672325955,16.0
20160,"<a href=""statss.aspx?playerid=20160&position=P"">Nate Pearson</a>",26.0,26.1,4.443038370246017,4.014534098000663,0.0
11861,"<a href=""statss.aspx?playerid=11861&position=P"">Jason Adam</a>",31.0,34.1,2.8834953500392255,4.099700613548965,0.0
26285,"<a href=""statss.aspx?playerid=26285&position=P"">Tommy Henry</a>",25.0,68.1,4.082927133173287,5.289186852368349,12.0
25651,"<a href=""statss.aspx?playerid=25651&position=P"">Ty Adcock</a>",26.0,9.1,0.0,2.1836116386767346,0.0
19249,"<a href=""statss.aspx?playerid=19249&position=P"">Seranthony Dominguez</a>",28.0,27.0,4.333334170374031,4.29207759685154,0.0
6797,"<a href=""statss.aspx?playerid=6797&position=P"">Julio Teheran</a>",32.0,41.0,2.8536586029624615,5.059918450259653,7.0
29754,"<a href=""statss.aspx?playerid=29754&position=P"">Sam Bachman</a>",23.0,14.1,1.8837209720106118,3.2550403594970705,0.0
22176,"<a href=""statss.aspx?playerid=22176&position=P"">Easton McGee</a>",25.0,6.2,0.0,3.105040345191955,1.0
15463,"<a href=""statss.aspx?playerid=15463&position=P"">Jose De Leon</a>",30.0,17.1,4.67307752300304,3.8319635104851,1.0
17192,"<a href=""statss.aspx?playerid=17192&position=P"">Jalen Beeks</a>",29.0,34.0,5.8235302744337885,4.343275814820556,7.0
10591,"<a href=""statss.aspx?playerid=10591&position=P"">Scott Alexander</a>",33.0,23.0,3.521739915323342,3.6463447945329976,1.0
17735,"<a href=""statss.aspx?playerid=17735&position=P"">Tyler Alexander</a>",28.0,42.2,4.00781292644574,3.9581654343121127,1.0
21045,"<a href=""statss.aspx?playerid=21045&position=P"">Seth Martinez</a>",28.0,32.0,4.50000040652234,4.223790447012297,0.0
13345,"<a href=""statss.aspx?playerid=13345&position=P"">Luis Cessa</a>",31.0,26.0,9.000000660236113,5.408886671348449,6.0
18519,"<a href=""statss.aspx?playerid=18519&position=P"">Phil Bickford</a>",27.0,30.2,6.456522738874564,4.265910081240058,0.0
24604,"<a href=""statss.aspx?playerid=24604&position=P"">Austin Cox</a>",26.0,16.0,2.2500002682209335,3.692540411651141,1.0
18335,"<a href=""statss.aspx?playerid=18335&position=P"">Josh Staumont</a>",29.0,20.0,5.400000555217323,3.755040410906082,1.0
25178,"<a href=""statss.aspx?playerid=25178&position=P"">Joe Jacques</a>",28.0,6.2,5.400000539124066,1.7550402097403854,0.0
19665,"<a href=""statss.aspx?playerid=19665&position=P"">Kyle Wright</a>",27.0,18.2,5.785714482774546,4.433611828210404,5.0
23221,"<a href=""statss.aspx?playerid=23221&position=P"">Michael Grove</a>",26.0,37.0,7.540540734897839,5.282067438770683,7.0
26304,"<a href=""statss.aspx?playerid=26304&position=P"">Bryan Hoeing</a>",26.0,38.2,3.724138279307077,4.625730142853147,5.0
23779,"<a href=""statss.aspx?playerid=23779&position=P"">Justin Bruihl</a>",26.0,19.1,3.724138187454958,3.8240059159138,0.0
19244,"<a href=""statss.aspx?playerid=19244&position=P"">Cole Irvin</a>",29.0,26.1,7.177215544564526,4.925926518020029,6.0
19454,"<a href=""statss.aspx?playerid=19454&position=P"">Michael Rucker</a>",29.0,31.1,4.30851150980349,4.020997961239913,0.0
25463,"<a href=""statss.aspx?playerid=25463&position=P"">Brandon Williamson</a>",25.0,38.2,5.818965899958505,5.841247426145295,8.0
12863,"<a href=""statss.aspx?playerid=12863&position=P"">Matt Barnes</a>",33.0,21.1,5.484376131360711,4.145665543222314,1.0
25918,"<a href=""statss.aspx?playerid=25918&position=P"">Zack Thompson</a>",25.0,11.2,4.628573276997351,3.597897639274652,0.0
25007,"<a href=""statss.aspx?playerid=25007&position=P"">Alex Vesia</a>",27.0,19.0,7.578949841106514,4.202409089635385,0.0
15761,"<a href=""statss.aspx?playerid=15761&position=P"">Joe Jimenez</a>",28.0,26.2,3.3750007254538756,3.9300405045878457,0.0
5615,"<a href=""statss.aspx?playerid=5615&position=P"">Ryan Brasier</a>",35.0,25.1,6.394737433900188,4.044514116768699,0.0
17485,"<a href=""statss.aspx?playerid=17485&position=P"">Albert Abreu</a>",27.0,36.0,3.0000003278255822,4.1439293455194655,0.0
18439,"<a href=""statss.aspx?playerid=18439&position=P"">Danny Young</a>",29.0,8.1,1.0800001725197115,2.4150402253150727,0.0
25386,"<a href=""statss.aspx?playerid=25386&position=P"">Jhony Brito</a>",25.0,51.2,4.703226130192309,5.248588883817268,11.0
23796,"<a href=""statss.aspx?playerid=23796&position=P"">Ryan Weathers</a>",23.0,40.0,6.075000289678587,5.38004046082497,9.0
21520,"<a href=""statss.aspx?playerid=21520&position=P"">Hogan Harris</a>",26.0,38.1,5.165217566656937,4.76808388912385,3.0
12249,"<a href=""statss.aspx?playerid=12249&position=P"">Ryan Sherriff</a>",33.0,6.2,2.7000006558002636,3.1050403230637227,0.0
13346,"<a href=""statss.aspx?playerid=13346&position=P"">Hoby Milner</a>",32.0,31.2,2.5578957896355816,4.139251249741469,0.0
13424,"<a href=""statss.aspx?playerid=13424&position=P"">Drew VerHagen</a>",32.0,36.2,4.1727281488787895,4.264131480467758,0.0
25379,"<a href=""statss.aspx?playerid=25379&position=P"">Sam Long</a>",27.0,30.2,3.815217967231498,4.070257873862775,0.0
20206,"<a href=""statss.aspx?playerid=20206&position=P"">Mike Baumann</a>",27.0,40.1,4.016529865428281,4.27156952296966,0.0
16561,"<a href=""statss.aspx?playerid=16561&position=P"">Austin Gomber</a>",29.0,84.0,6.642857444529644,5.874088097483669,17.0
6986,"<a href=""statss.aspx?playerid=6986&position=P"">Ian Kennedy</a>",38.0,10.0,7.200001437664319,3.155040339529511,0.0
26214,"<a href=""statss.aspx?playerid=26214&position=P"">Chris Murphy</a>",25.0,10.0,1.8000001716613934,3.0550403404235826,0.0
22051,"<a href=""statss.aspx?playerid=22051&position=P"">John King</a>",28.0,16.1,6.612245835000933,3.6836118488026868,0.0
11762,"<a href=""statss.aspx?playerid=11762&position=P"">Noah Syndergaard</a>",30.0,55.1,7.156626547139102,5.514076517053605,12.0
25650,"<a href=""statss.aspx?playerid=25650&position=P"">Levi Stoudt</a>",25.0,10.0,9.9,5.05504035949707,2.0
24719,"<a href=""statss.aspx?playerid=24719&position=P"">Randy Vasquez</a>",24.0,10.1,1.7419356982244305,4.803427646807676,2.0
16942,"<a href=""statss.aspx?playerid=16942&position=P"">Luis F. Ortiz</a>",27.0,13.0,3.46153873134649,3.408886525334692,0.0
27702,"<a href=""statss.aspx?playerid=27702&position=P"">Brent Headrick</a>",25.0,14.0,5.1428575150820945,3.612183242488883,0.0
19444,"<a href=""statss.aspx?playerid=19444&position=P"">Yohan Ramirez</a>",28.0,24.0,3.0000005066395663,4.005040486156962,0.0
17282,"<a href=""statss.aspx?playerid=17282&position=P"">Michael Kopech</a>",27.0,86.0,4.081395439356326,5.5573659919544856,16.0
20517,"<a href=""statss.aspx?playerid=20517&position=P"">Nick Sandlin</a>",26.0,28.2,3.139535615924995,4.231784773340403,0.0
22387,"<a href=""statss.aspx?playerid=22387&position=P"">Josh Winckowski</a>",25.0,44.2,3.0223883749611673,4.508771833555036,0.0
17948,"<a href=""statss.aspx?playerid=17948&position=P"">Trent Thornton</a>",29.0,5.1,1.687500100582844,1.9425402812659696,0.0
17611,"<a href=""statss.aspx?playerid=17611&position=P"">Taylor Clarke</a>",30.0,34.2,4.67307714938832,4.610809655924546,1.0
25376,"<a href=""statss.aspx?playerid=25376&position=P"">Nick Mears</a>",26.0,7.0,2.5714285714285716,2.6836117880684993,0.0
13652,"<a href=""statss.aspx?playerid=13652&position=P"">Tayler Scott</a>",31.0,6.0,9.000004604461164,3.0883736075626045,0.0
25139,"<a href=""statss.aspx?playerid=25139&position=P"">Tim Herrin</a>",26.0,17.2,6.113208458108858,3.6512668336337555,0.0
15239,"<a href=""statss.aspx?playerid=15239&position=P"">Alan Busenitz</a>",32.0,4.0,4.50000117346675,2.5050401639192788,0.0
2233,"<a href=""statss.aspx?playerid=2233&position=P"">Adam Wainwright</a>",41.0,48.1,7.448276351946887,5.42745429548158,10.0
17281,"<a href=""statss.aspx?playerid=17281&position=P"">Thomas Pannone</a>",29.0,2.2,6.750001609325793,1.380039912462128,0.0
20494,"<a href=""statss.aspx?playerid=20494&position=P"">Braden Bristo</a>",28.0,7.0,2.5714285714285716,3.540754645211356,0.0
19320,"<a href=""statss.aspx?playerid=19320&position=P"">Joey Lucchesi</a>",30.0,22.1,4.432835883992265,5.135637401190759,5.0
20277,"<a href=""statss.aspx?playerid=20277&position=P"">Cory Abbott</a>",27.0,12.1,4.378378491231003,3.9847701080355713,0.0
10843,"<a href=""statss.aspx?playerid=10843&position=P"">Adam Kolarek</a>",34.0,1.1,0.0,0.25503964424116266,0.0
15051,"<a href=""statss.aspx?playerid=15051&position=P"">Silvino Bracho</a>",30.0,7.1,3.681818850153855,4.073222326197927,0.0
25388,"<a href=""statss.aspx?playerid=25388&position=P"">Cody Morris</a>",26.0,2.0,0.0,0.2550403594970705,0.0
26260,"<a href=""statss.aspx?playerid=26260&position=P"">Drey Jameson</a>",25.0,37.2,3.10619489998572,4.476279380004277,3.0
10197,"<a href=""statss.aspx?playerid=10197&position=P"">Shelby Miller</a>",32.0,30.0,2.40000039339072,4.4883738949895235,0.0
21481,"<a href=""statss.aspx?playerid=21481&position=P"">Sean Hjelle</a>",26.0,17.1,7.788462591903239,4.005040460939605,0.0
21863,"<a href=""statss.aspx?playerid=21863&position=P"">George Soriano</a>",24.0,10.0,2.7,3.5550403594970703,0.0
10855,"<a href=""statss.aspx?playerid=10855&position=P"">Chasen Shreve</a>",32.0,29.2,5.157304911237078,4.434815992786598,0.0
23292,"<a href=""statss.aspx?playerid=23292&position=P"">Packy Naughton</a>",27.0,5.0,0.0,1.8550400757789038,0.0
17888,"<a href=""statss.aspx?playerid=17888&position=P"">Tayler Saucedo</a>",30.0,21.2,2.9076928169629466,3.6704250476346343,0.0
9073,"<a href=""statss.aspx?playerid=9073&position=P"">Kirby Yates</a>",36.0,31.1,2.8723407278723925,4.244402165764228,0.0
26024,"<a href=""statss.aspx?playerid=26024&position=P"">Brendan White</a>",24.0,10.1,5.225806612377985,3.6421371455991434,0.0
15100,"<a href=""statss.aspx?playerid=15100&position=P"">Ben Heller</a>",31.0,5.1,3.3750002200249725,2.6925403228262423,0.0
19225,"<a href=""statss.aspx?playerid=19225&position=P"">Mitch White</a>",28.0,8.0,3.37500124471308,3.130040313396586,0.0
19264,"<a href=""statss.aspx?playerid=19264&position=P"">Thomas Hatch</a>",28.0,3.2,0.0,1.3459491038617382,0.0
25595,"<a href=""statss.aspx?playerid=25595&position=P"">Xzavion Curry</a>",24.0,42.2,3.375000201165688,4.286290420964364,0.0
21549,"<a href=""statss.aspx?playerid=21549&position=P"">Jackson Kowar</a>",26.0,11.2,6.171428907744757,4.026468972965165,0.0
25481,"<a href=""statss.aspx?playerid=25481&position=P"">Joe La Sorsa</a>",25.0,5.1,1.6875004306203853,4.005040550883908,0.0
19159,"<a href=""statss.aspx?playerid=19159&position=P"">Zack Burdi</a>",28.0,4.0,11.25,2.2550403594970705,0.0
21461,"<a href=""statss.aspx?playerid=21461&position=P"">Cole Sands</a>",25.0,12.1,0.7297297485385005,3.9036890248646268,0.0
14857,"<a href=""statss.aspx?playerid=14857&position=P"">Joe Mantiply</a>",32.0,15.2,5.744681816367825,4.1486575309320655,0.0
14524,"<a href=""statss.aspx?playerid=14524&position=P"">Jose Leclerc</a>",29.0,23.2,3.422535747124206,4.691660302734391,0.0
13449,"<a href=""statss.aspx?playerid=13449&position=P"">Taylor Rogers</a>",32.0,28.0,2.8928578879914206,4.147897732333929,0.0
19795,"<a href=""statss.aspx?playerid=19795&position=P"">Keegan Thompson</a>",28.0,21.1,4.2187502632441625,4.333165426770578,0.0
22224,"<a href=""statss.aspx?playerid=22224&position=P"">Jonathan Heasley</a>",26.0,2.2,6.750001609325793,2.5050401806830935,0.0
25777,"<a href=""statss.aspx?playerid=25777&position=P"">Peyton Battenfield</a>",25.0,34.2,5.192307930373592,5.36080968681525,6.0
19695,"<a href=""statss.aspx?playerid=19695&position=P"">Connor Seabold</a>",27.0,61.2,5.983784125985868,5.606391845318075,10.0
21093,"<a href=""statss.aspx?playerid=21093&position=P"">Nick Vespi</a>",27.0,3.0,0.0,1.255040359497071,0.0
5003,"<a href=""statss.aspx?playerid=5003&position=P"">Jake Diekman</a>",36.0,28.0,4.500001317156598,4.255040652198536,0.0
20387,"<a href=""statss.aspx?playerid=20387&position=P"">Anthony Kay</a>",28.0,4.2,1.9285717159510087,3.2550403594970705,0.0
16512,"<a href=""statss.aspx?playerid=16512&position=SS"">Isiah Kiner-Falefa</a>",28.0,3.0,3.0,2.5883736928304044,0.0
16350,"<a href=""statss.aspx?playerid=16350&position=P"">Ryan Borucki</a>",29.0,3.0,9.00000303983791,3.2550403594970705,0.0
23135,"<a href=""statss.aspx?playerid=23135&position=P"">Eduardo Salazar</a>",25.0,10.1,7.838709941174568,4.029233933934065,0.0
13420,"<a href=""statss.aspx?playerid=13420&position=P"">Matt Koch</a>",32.0,3.0,0.0,2.5883736928304044,0.0
15594,"<a href=""statss.aspx?playerid=15594&position=P"">Nick Wittgren</a>",32.0,15.2,5.170213320005479,4.212487270609197,0.0
15157,"<a href=""statss.aspx?playerid=15157&position=P"">Jimmy Yacabonis</a>",31.0,9.0,9.000000983476747,4.5883738385306625,0.0
7531,"<a href=""statss.aspx?playerid=7531&position=P"">Collin McHugh</a>",36.0,33.2,3.4752481041318055,4.472862344705652,1.0
18413,"<a href=""statss.aspx?playerid=18413&position=P"">Jose Urquidy</a>",28.0,27.2,5.204819576126671,5.604438084832026,6.0
24977,"<a href=""statss.aspx?playerid=24977&position=P"">Shawn Dubin</a>",27.0,5.0,10.8,3.2550403594970705,0.0
16502,"<a href=""statss.aspx?playerid=16502&position=P"">Ryan Yarbrough</a>",31.0,26.1,6.151899476823864,5.153774765924189,3.0
13594,"<a href=""statss.aspx?playerid=13594&position=P"">Robert Stephenson</a>",30.0,24.2,4.013514644978921,4.228013606764688,0.0
18421,"<a href=""statss.aspx?playerid=18421&position=P"">Tyler Cyr</a>",30.0,1.2,0.0,0.8550393581386206,0.0
16686,"<a href=""statss.aspx?playerid=16686&position=1B/3B"">Jason Vosler</a>",29.0,2.0,4.5,3.2550403594970705,0.0
16754,"<a href=""statss.aspx?playerid=16754&position=P"">Vinny Nittoli</a>",32.0,1.2,0.0,2.0550398588178456,0.0
7146,"<a href=""statss.aspx?playerid=7146&position=P"">Daniel Hudson</a>",36.0,1.0,0.0,-0.7449596405029295,0.0
20116,"<a href=""statss.aspx?playerid=20116&position=P"">Calvin Faucher</a>",27.0,19.0,5.210526855203309,4.833987891376861,4.0
19588,"<a href=""statss.aspx?playerid=19588&position=P"">Guillo Zuniga</a>",24.0,1.0,0.0,-0.7449596405029295,0.0
25427,"<a href=""statss.aspx?playerid=25427&position=P"">Gavin Hollowell</a>",25.0,4.0,6.75,3.5050403594970705,0.0
13133,"<a href=""statss.aspx?playerid=13133&position=P"">Derek Law</a>",32.0,21.0,2.5714291772065323,5.064564595309076,2.0
22296,"<a href=""statss.aspx?playerid=22296&position=P"">Joe Barlow</a>",27.0,9.0,3.0000006953876834,4.032818317560544,0.0
22982,"<a href=""statss.aspx?playerid=22982&position=P"">Jose Lopez</a>",24.0,2.0,4.5,2.7550403594970705,0.0
26378,"<a href=""statss.aspx?playerid=26378&position=P"">Nick Lodolo</a>",25.0,34.1,6.291262368924867,5.789021035869586,7.0
14663,"<a href=""statss.aspx?playerid=14663&position=P"">Chi Chi Gonzalez</a>",31.0,2.2,3.3750008801000626,2.8800402617081753,0.0
17793,"<a href=""statss.aspx?playerid=17793&position=P"">Trey Wingenter</a>",29.0,4.1,8.30769297427685,3.7165788580680066,0.0
25174,"<a href=""statss.aspx?playerid=25174&position=P"">Penn Murfee</a>",29.0,14.0,1.285714657939318,4.255040649005429,0.0
21023,"<a href=""statss.aspx?playerid=21023&position=P"">Adrian Martinez</a>",26.0,23.2,5.704226209291683,4.353632073879172,0.0
26213,"<a href=""statss.aspx?playerid=26213&position=P"">Caleb Kilian</a>",26.0,3.1,18.90000180244463,4.455040473938,1.0
17381,"<a href=""statss.aspx?playerid=17381&position=P"">Matt Gage</a>",30.0,6.2,2.7000006799401564,4.15504058614379,0.0
21420,"<a href=""statss.aspx?playerid=21420&position=P"">Yerry De Los Santos</a>",25.0,7.0,1.2857146524654188,3.9693262775334146,0.0
20209,"<a href=""statss.aspx?playerid=20209&position=P"">Zach Muckenhirn</a>",28.0,6.0,6.000000953674468,3.7550404389699428,0.0
22207,"<a href=""statss.aspx?playerid=22207&position=P"">DL Hall</a>",24.0,3.0,6.0,3.9217070261637375,0.0
21453,"<a href=""statss.aspx?playerid=21453&position=P"">Konnor Pilkington</a>",25.0,2.0,0.0,2.7550403594970705,0.0
11265,"<a href=""statss.aspx?playerid=11265&position=2B"">Jonathan Schoop</a>",31.0,1.1,0.0,1.7550400018691166,0.0
19924,"<a href=""statss.aspx?playerid=19924&position=P"">Bryan Hudson</a>",26.0,2.0,13.5,2.7550403594970705,0.0
25055,"<a href=""statss.aspx?playerid=25055&position=OF"">Nate Eaton</a>",26.0,1.0,0.0,1.2550403594970705,0.0
19931,"<a href=""statss.aspx?playerid=19931&position=3B/OF"">Luke Williams</a>",26.0,1.0,0.0,3.2550403594970705,0.0
16451,"<a href=""statss.aspx?playerid=16451&position=2B/3B"">Luis Guillorme</a>",28.0,1.0,0.0,3.2550403594970705,0.0
19784,"<a href=""statss.aspx?playerid=19784&position=P"">Justin Garza</a>",29.0,16.0,5.062500952393927,4.505040594656065,1.0
11632,"<a href=""statss.aspx?playerid=11632&position=P"">Heath Hembree</a>",34.0,1.1,0.0,2.5050401806830935,0.0
13355,"<a href=""statss.aspx?playerid=13355&position=C"">Luke Maile</a>",32.0,2.0,4.5,3.2550403594970705,0.0
23449,"<a href=""statss.aspx?playerid=23449&position=P"">Ricky Karcher</a>",25.0,1.0,0.0,6.2550403594970705,0.0
17701,"<a href=""statss.aspx?playerid=17701&position=P"">Jose Cuas</a>",29.0,33.2,4.544555369989341,4.472862386749116,1.0
21955,"<a href=""statss.aspx?playerid=21955&position=P"">Yerry Rodriguez</a>",25.0,8.2,3.1153852295947297,4.408886740828452,0.0
16074,"<a href=""statss.aspx?playerid=16074&position=P"">Nick Burdi</a>",30.0,3.0,9.0,3.5883736928304044,0.0
26226,"<a href=""statss.aspx?playerid=26226&position=P"">Nick Robertson</a>",24.0,7.2,7.043478844972598,4.428953500325837,0.0
15068,"<a href=""statss.aspx?playerid=15068&position=P"">Yency Almonte</a>",29.0,34.2,5.451923823706115,4.8415790383533475,0.0
8246,"<a href=""statss.aspx?playerid=8246&position=P"">Paolo Espino</a>",36.0,0.2,13.500014081612017,1.7550387948735136,0.0
17737,"<a href=""statss.aspx?playerid=17737&position=1B/DH"">Josh Lester</a>",28.0,1.0,0.0,4.2550403594970705,0.0
17860,"<a href=""statss.aspx?playerid=17860&position=P"">Jose Rodriguez</a>",27.0,3.0,9.0,3.5883736928304044,0.0
15094,"<a href=""statss.aspx?playerid=15094&position=P"">Rob Zastryzny</a>",31.0,17.0,5.294119846656749,4.784452759642353,0.0
25416,"<a href=""statss.aspx?playerid=25416&position=P"">Blair Calvo</a>",27.0,1.0,0.0,3.2550403594970705,0.0
17338,"<a href=""statss.aspx?playerid=17338&position=2B/OF"">Willi Castro</a>",26.0,1.1,0.0,3.255040359497071,0.0
21366,"<a href=""statss.aspx?playerid=21366&position=P"">Glenn Otto</a>",27.0,1.0,0.0,3.2550403594970705,0.0
10657,"<a href=""statss.aspx?playerid=10657&position=P"">Andrew Bellatti</a>",31.0,12.2,5.684212229258976,5.228725161323104,0.0
17359,"<a href=""statss.aspx?playerid=17359&position=P"">Josh Taylor</a>",30.0,17.2,8.150944184561045,4.783342394102267,1.0
10030,"<a href=""statss.aspx?playerid=10030&position=2B/SS"">Chris Owings</a>",31.0,1.0,0.0,3.2550403594970705,0.0
19734,"<a href=""statss.aspx?playerid=19734&position=2B/3B"">Josh Rojas</a>",29.0,2.0,18.0,3.7550403594970705,0.0
15214,"<a href=""statss.aspx?playerid=15214&position=1B/OF"">Brandon Dixon</a>",31.0,1.0,0.0,3.2550403594970705,0.0
13329,"<a href=""statss.aspx?playerid=13329&position=3B"">Jake Lamb</a>",32.0,1.0,0.0,3.2550403594970705,0.0
10200,"<a href=""statss.aspx?playerid=10200&position=C"">Tucker Barnhart</a>",32.0,1.0,0.0,3.2550403594970705,0.0
13836,"<a href=""statss.aspx?playerid=13836&position=3B"">Matt Duffy</a>",32.0,1.0,0.0,3.2550403594970705,0.0
19928,"<a href=""statss.aspx?playerid=19928&position=OF"">Ryan McKenna</a>",26.0,1.0,18.0,3.2550403594970705,0.0
19562,"<a href=""statss.aspx?playerid=19562&position=SS"">Zack Short</a>",28.0,1.0,9.0,3.2550403594970705,0.0
17040,"<a href=""statss.aspx?playerid=17040&position=C"">Jose Herrera</a>",26.0,1.0,18.0,3.2550403594970705,0.0
24934,"<a href=""statss.aspx?playerid=24934&position=DH"">David Fry</a>",27.0,1.0,0.0,3.2550403594970705,0.0
25804,"<a href=""statss.aspx?playerid=25804&position=P"">Randy Wynne</a>",30.0,2.1,3.8571433826369397,4.54075482037605,0.0
12890,"<a href=""statss.aspx?playerid=12890&position=P"">Alex Claudio</a>",31.0,0.1,0.0,3.255040359497071,0.0
20539,"<a href=""statss.aspx?playerid=20539&position=P"">Edwin Uceta</a>",25.0,3.0,0.0,4.255040359497071,0.0
17755,"<a href=""statss.aspx?playerid=17755&position=P"">Drew Smith</a>",29.0,26.2,4.387500447845132,4.6050404972955725,0.0
16306,"<a href=""statss.aspx?playerid=16306&position=P"">Gerardo Reyes</a>",30.0,1.0,9.0,6.2550403594970705,0.0
3237,"<a href=""statss.aspx?playerid=3237&position=P"">T.J. McFarland</a>",34.0,1.1,6.750001760200125,4.005040555074863,0.0
25665,"<a href=""statss.aspx?playerid=25665&position=P"">Cole Waites</a>",25.0,2.1,15.42857372760807,4.112183344364185,0.0
5343,"<a href=""statss.aspx?playerid=5343&position=SS"">Brandon Crawford</a>",36.0,1.0,0.0,6.2550403594970705,0.0
17710,"<a href=""statss.aspx?playerid=17710&position=1B/OF"">Matt Beaty</a>",30.0,1.0,27.0,4.2550403594970705,0.0
26364,"<a href=""statss.aspx?playerid=26364&position=P"">Ethan Small</a>",26.0,3.0,15.0,4.255040359497071,0.0
21327,"<a href=""statss.aspx?playerid=21327&position=P"">Nicholas Padilla</a>",26.0,3.2,4.909091760304496,4.89140427959857,0.0
24606,"<a href=""statss.aspx?playerid=24606&position=P"">Josh Winder</a>",26.0,5.2,4.764706467056016,4.666805238624779,0.0
7982,"<a href=""statss.aspx?playerid=7982&position=P"">Anthony Bass</a>",35.0,20.0,4.950000774487974,4.655040578544174,0.0
16866,"<a href=""statss.aspx?playerid=16866&position=P"">Reed Garrett</a>",30.0,2.2,10.125002413988689,4.380040627718036,0.0
14416,"<a href=""statss.aspx?playerid=14416&position=P"">Yunior Marte</a>",28.0,19.2,5.949153365759537,4.882159228764635,0.0
25862,"<a href=""statss.aspx?playerid=25862&position=P"">Noah Davis</a>",26.0,18.2,10.607143218420003,6.094326170488284,4.0
23499,"<a href=""statss.aspx?playerid=23499&position=P"">Keaton Winn</a>",25.0,18.0,3.5,4.532818137274848,1.0
16401,"<a href=""statss.aspx?playerid=16401&position=P"">Yonny Chirinos</a>",29.0,54.1,3.644172120280084,4.966696961446807,4.0
7432,"<a href=""statss.aspx?playerid=7432&position=P"">Jay Jackson</a>",35.0,5.2,1.588235472312868,4.490334615740412,0.0
19995,"<a href=""statss.aspx?playerid=19995&position=P"">Joel Kuhnel</a>",28.0,3.1,8.10000077247627,5.055040531158465,0.0
14509,"<a href=""statss.aspx?playerid=14509&position=P"">Dereck Rodriguez</a>",31.0,2.2,3.3750008801000626,4.755040750652654,0.0
18325,"<a href=""statss.aspx?playerid=18325&position=P"">Taylor Hearn</a>",28.0,7.0,10.28571568703184,4.826469145015825,0.0
27792,"<a href=""statss.aspx?playerid=27792&position=P"">Gavin Stone</a>",24.0,10.0,14.4,5.65504035949707,3.0
26108,"<a href=""statss.aspx?playerid=26108&position=P"">Andre Pallante</a>",24.0,29.0,4.03448345101983,4.496419882887787,0.0
20352,"<a href=""statss.aspx?playerid=20352&position=2B/3B"">Ernie Clement</a>",27.0,1.0,9.0,6.2550403594970705,0.0
24782,"<a href=""statss.aspx?playerid=24782&position=1B/3B"">David Villar</a>",26.0,1.0,0.0,6.2550403594970705,0.0
18186,"<a href=""statss.aspx?playerid=18186&position=P"">James Naile</a>",30.0,4.1,4.153846487138425,4.870425104495347,0.0
23095,"<a href=""statss.aspx?playerid=23095&position=P"">Jake Wong</a>",26.0,3.0,9.0,6.255040359497071,0.0
14735,"<a href=""statss.aspx?playerid=14735&position=OF"">Brett Phillips</a>",29.0,0.1,0.0,12.255049747238417,0.0
25589,"<a href=""statss.aspx?playerid=25589&position=P"">Sammy Peralta</a>",25.0,0.2,27.000028163224034,6.255043488744185,0.0
21866,"<a href=""statss.aspx?playerid=21866&position=P"">Jordan Balazovic</a>",24.0,7.0,1.285714657939318,4.826469385867348,0.0
31533,"<a href=""statss.aspx?playerid=31533&position=P"">Victor Mederos</a>",22.0,2.0,4.5,5.7550403594970705,0.0
14691,"<a href=""statss.aspx?playerid=14691&position=2B"">Harold Castro</a>",29.0,2.0,9.0,6.2550403594970705,0.0
20038,"<a href=""statss.aspx?playerid=20038&position=P"">Darren McCaughan</a>",27.0,4.0,6.75,5.2550403594970705,0.0
16814,"<a href=""statss.aspx?playerid=16814&position=P"">Tim Hill</a>",33.0,34.0,3.441177085918649,4.637393547857553,0.0
23617,"<a href=""statss.aspx?playerid=23617&position=P"">Josh Walker</a>",28.0,6.0,7.5000012665989155,4.588373918003544,0.0
29946,"<a href=""statss.aspx?playerid=29946&position=P"">Grant Hartwig</a>",25.0,6.2,1.350000128746045,4.605040488243116,0.0
20572,"<a href=""statss.aspx?playerid=20572&position=1B"">Kody Clemens</a>",27.0,2.2,3.375002200251017,5.880042070803418,0.0
20323,"<a href=""statss.aspx?playerid=20323&position=P"">Erich Uelmen</a>",27.0,1.0,36.0,7.2550403594970705,0.0
8202,"<a href=""statss.aspx?playerid=8202&position=2B/3B"">Josh Harrison</a>",35.0,1.2,27.000011265282563,6.855041861534746,0.0
14825,"<a href=""statss.aspx?playerid=14825&position=P"">Dylan Covey</a>",31.0,16.0,6.750000427477088,5.3800404940731905,1.0
10160,"<a href=""statss.aspx?playerid=10160&position=P"">Ryan Weber</a>",32.0,14.1,3.1395349533510197,4.510854340837478,0.0
25830,"<a href=""statss.aspx?playerid=25830&position=P"">Jeff Lindgren</a>",26.0,5.0,7.2,5.05504035949707,0.0
7608,"<a href=""statss.aspx?playerid=7608&position=P"">Tommy Milone</a>",36.0,4.2,1.9285716913184698,6.04075502473486,1.0
16357,"<a href=""statss.aspx?playerid=16357&position=OF"">Pablo Reyes</a>",29.0,1.0,9.0,9.25504035949707,0.0
16207,"<a href=""statss.aspx?playerid=16207&position=P"">Spencer Turnbull</a>",30.0,31.0,7.258064962698719,5.545363081059778,7.0
21324,"<a href=""statss.aspx?playerid=21324&position=P"">Parker Mushinski</a>",27.0,3.1,5.40000051498418,5.355040559768696,0.0
20039,"<a href=""statss.aspx?playerid=20039&position=P"">Adrian Morejon</a>",24.0,4.0,6.750001659617236,5.505040912702816,0.0
20349,"<a href=""statss.aspx?playerid=20349&position=P"">Zack Kelly</a>",28.0,7.1,3.681818880079339,4.891404306198999,0.0
23301,"<a href=""statss.aspx?playerid=23301&position=P"">Janson Junk</a>",27.0,4.2,7.714286765273879,6.46932651169452,1.0
15514,"<a href=""statss.aspx?playerid=15514&position=P"">Kendall Graveman</a>",32.0,35.1,3.056603981553992,4.839946127710252,0.0
11486,"<a href=""statss.aspx?playerid=11486&position=P"">Robbie Ray</a>",31.0,3.1,8.10000077247627,5.9550406169891605,1.0
20190,"<a href=""statss.aspx?playerid=20190&position=P"">Chad Smith</a>",28.0,12.0,6.7500011064114,4.5883739113808035,0.0
15823,"<a href=""statss.aspx?playerid=15823&position=P"">Zack Littell</a>",27.0,14.1,5.651163303784432,5.068994012563678,1.0
24494,"<a href=""statss.aspx?playerid=24494&position=P"">Simeon Woods Richardson</a>",22.0,4.2,9.64285845659235,5.82646928125503,0.0
13475,"<a href=""statss.aspx?playerid=13475&position=P"">Daniel Norris</a>",30.0,2.0,0.0,7.7550403594970705,0.0
15451,"<a href=""statss.aspx?playerid=15451&position=P"">Mike Mayers</a>",31.0,26.1,6.151899031235853,5.077825257641027,2.0
14375,"<a href=""statss.aspx?playerid=14375&position=P"">Amir Garrett</a>",31.0,22.0,2.8636367631968946,4.709586016993906,0.0
21025,"<a href=""statss.aspx?playerid=21025&position=P"">Oliver Ortega</a>",26.0,4.0,4.5,6.5050403594970705,0.0
19614,"<a href=""statss.aspx?playerid=19614&position=P"">Cionel Perez</a>",27.0,29.1,4.60227405833319,4.5504952796204865,0.0
23460,"<a href=""statss.aspx?playerid=23460&position=P"">Brandon Hughes</a>",27.0,13.2,7.2439050033192345,4.645284754073489,0.0
14361,"<a href=""statss.aspx?playerid=14361&position=P"">Ty Blach</a>",32.0,11.0,8.181818935496818,5.436858742296222,0.0
21858,"<a href=""statss.aspx?playerid=21858&position=P"">Riley Pint</a>",25.0,0.1,27.000028163224034,30.255068522721103,0.0
20276,"<a href=""statss.aspx?playerid=20276&position=P"">Deivi Garcia</a>",24.0,3.0,3.0,7.255040359497071,0.0
19976,"<a href=""statss.aspx?playerid=19976&position=P"">Tyson Miller</a>",27.0,8.2,5.192308108923031,5.331963603066283,0.0
21956,"<a href=""statss.aspx?playerid=21956&position=P"">Max Castillo</a>",24.0,14.0,5.14285784351592,5.326469213135427,0.0
16939,"<a href=""statss.aspx?playerid=16939&position=OF"">Lane Thomas</a>",27.0,1.0,27.0,14.25504035949707,0.0
7115,"<a href=""statss.aspx?playerid=7115&position=P"">Daniel Bard</a>",38.0,26.1,2.0506332517721346,5.229724231573941,0.0
19574,"<a href=""statss.aspx?playerid=19574&position=P"">JoJo Romero</a>",26.0,7.2,3.5217398742535835,5.341997322017713,0.0
27615,"<a href=""statss.aspx?playerid=27615&position=1B/OF"">Alec Burleson</a>",24.0,1.0,36.0,14.25504035949707,0.0
19392,"<a href=""statss.aspx?playerid=19392&position=3B/OF"">Zach McKinstry</a>",28.0,1.0,18.0,16.25504035949707,0.0
11902,"<a href=""statss.aspx?playerid=11902&position=2B/3B"">Hanser Alberto</a>",30.0,1.2,21.60000901222605,11.655043864251645,0.0
21584,"<a href=""statss.aspx?playerid=21584&position=P"">Tristan Beck</a>",27.0,42.2,3.3750002813176487,4.403477955223215,0.0
15290,"<a href=""statss.aspx?playerid=15290&position=P"">Austin Pruitt</a>",33.0,26.2,3.3750007103664434,4.905040706787331,2.0
21345,"<a href=""statss.aspx?playerid=21345&position=P"">Bennett Sousa</a>",28.0,2.2,13.500003218651585,8.880041700601897,0.0
5273,"<a href=""statss.aspx?playerid=5273&position=C"">Sandy Leon</a>",34.0,1.0,18.0,19.25504035949707,0.0
13723,"<a href=""statss.aspx?playerid=13723&position=C"">Jacob Stallings</a>",33.0,3.0,3.0,7.9217070261637375,0.0
3548,"<a href=""statss.aspx?playerid=3548&position=P"">Liam Hendriks</a>",34.0,5.0,5.4,5.2550403594970705,0.0
27735,"<a href=""statss.aspx?playerid=27735&position=2B"">Brett Wisely</a>",24.0,1.0,9.0,16.25504035949707,0.0
26068,"<a href=""statss.aspx?playerid=26068&position=P"">Kolton Ingram</a>",26.0,2.1,15.42857372760807,8.826469761133318,0.0
26056,"<a href=""statss.aspx?playerid=26056&position=P"">Brandon Walter</a>",26.0,6.2,4.050000386238135,5.9550406169891605,0.0
20017,"<a href=""statss.aspx?playerid=20017&position=3B"">Miles Mastrobuoni</a>",27.0,0.1,108.00011265289614,42.255081039709566,0.0
10028,"<a href=""statss.aspx?playerid=10028&position=C"">Christian Bethancourt</a>",31.0,0.1,81.0000844896721,42.255081039709566,0.0
12178,"<a href=""statss.aspx?playerid=12178&position=P"">Domingo Tapia</a>",31.0,17.1,2.596153893767025,5.389655783261069,0.0
19754,"<a href=""statss.aspx?playerid=19754&position=P"">Reiver Sanmartin</a>",27.0,14.0,7.071430573506581,5.397898109044519,0.0
20526,"<a href=""statss.aspx?playerid=20526&position=P"">Denyi Reyes</a>",26.0,7.1,6.136364750256425,5.84594992071645,1.0
19683,"<a href=""statss.aspx?playerid=19683&position=3B"">Mike Brosseau</a>",29.0,2.1,3.8571434319020175,10.11218423843399,0.0
14706,"<a href=""statss.aspx?playerid=14706&position=P"">Anthony Banda</a>",29.0,7.0,6.428572386503363,5.969326478242935,0.0
13190,"<a href=""statss.aspx?playerid=13190&position=P"">Jordan Weems</a>",30.0,14.1,1.8837210973447842,5.278296352941468,0.0
20370,"<a href=""statss.aspx?playerid=20370&position=P"">Bruce Zimmermann</a>",28.0,10.1,6.096774398691331,5.4808468860034285,0.0
16209,"<a href=""statss.aspx?playerid=16209&position=P"">Jake Reed</a>",30.0,0.2,81.0000844896721,24.255062264226872,0.0
20491,"<a href=""statss.aspx?playerid=20491&position=P"">J.B. Bukauskas</a>",26.0,1.0,9.0,7.2550403594970705,0.0
17480,"<a href=""statss.aspx?playerid=17480&position=P"">Daniel Duarte</a>",26.0,8.0,3.375000867527201,6.005041066371087,0.0
15855,"<a href=""statss.aspx?playerid=15855&position=P"">Wander Suero</a>",31.0,6.2,8.10000077247627,6.855040702819858,0.0
21298,"<a href=""statss.aspx?playerid=21298&position=P"">Andre Jackson</a>",27.0,17.2,6.622641747767673,5.6323989356188,0.0
12325,"<a href=""statss.aspx?playerid=12325&position=2B/3B"">Jace Peterson</a>",33.0,1.0,18.0,20.25504035949707,0.0
17897,"<a href=""statss.aspx?playerid=17897&position=P"">Garrett Cleavinger</a>",29.0,12.0,3.0000007823111665,4.838374105716852,0.0
21527,"<a href=""statss.aspx?playerid=21527&position=P"">James McArthur</a>",26.0,1.0,63.0,19.25504035949707,0.0
22815,"<a href=""statss.aspx?playerid=22815&position=P"">Luis Patino</a>",23.0,2.0,9.0,13.25504035949707,0.0
16929,"<a href=""statss.aspx?playerid=16929&position=P"">Touki Toussaint</a>",27.0,10.0,3.6000003433227867,5.655040588378929,1.0
12918,"<a href=""statss.aspx?playerid=12918&position=P"">Archie Bradley</a>",30.0,7.1,11.045455024262125,6.527767774093256,0.0
20643,"<a href=""statss.aspx?playerid=20643&position=P"">Johan Quezada</a>",28.0,0.2,40.50004224483605,25.75506382885043,0.0
18152,"<a href=""statss.aspx?playerid=18152&position=P"">Anthony Misiewicz</a>",28.0,8.1,8.640002461624848,6.015041145849452,0.0
26128,"<a href=""statss.aspx?playerid=26128&position=P"">Amos Willingham</a>",24.0,1.0,9.0,16.25504035949707,0.0
15890,"<a href=""statss.aspx?playerid=15890&position=P"">Luis Severino</a>",29.0,36.0,5.2500002781550235,5.782818271201341,7.0
10642,"<a href=""statss.aspx?playerid=10642&position=C"">Carlos Perez</a>",32.0,1.2,10.800004506113025,14.655045115949708,0.0
24937,"<a href=""statss.aspx?playerid=24937&position=P"">Austin Warren</a>",27.0,1.2,5.400002156496909,8.65504251599398,0.0
15369,"<a href=""statss.aspx?playerid=15369&position=P"">Kevin Herget</a>",32.0,22.0,5.7272729755433245,5.709585920444209,0.0
22273,"<a href=""statss.aspx?playerid=22273&position=P"">Owen White</a>",23.0,2.0,13.5,9.25504035949707,0.0
21741,"<a href=""statss.aspx?playerid=21741&position=P"">Javier Assad</a>",25.0,30.2,4.989130698218392,5.113736109813726,1.0
27691,"<a href=""statss.aspx?playerid=27691&position=P"">Louie Varland</a>",25.0,56.0,5.303571609210001,5.487183292666263,10.0
17878,"<a href=""statss.aspx?playerid=17878&position=P"">Dennis Santana</a>",27.0,8.2,6.2307704591894595,5.79350239842611,0.0
22276,"<a href=""statss.aspx?playerid=22276&position=P"">Dylan Coleman</a>",26.0,5.0,18.000003647805,8.055041332245072,0.0
20548,"<a href=""statss.aspx?playerid=20548&position=P"">Bowden Francis</a>",27.0,12.1,2.9189192198592746,5.768554132153668,0.0
20056,"<a href=""statss.aspx?playerid=20056&position=2B/SS"">Alan Trejo</a>",27.0,2.0,13.5,15.25504035949707,0.0
19315,"<a href=""statss.aspx?playerid=19315&position=P"">Matt Krook</a>",28.0,1.2,27.000010299686547,12.855044021607842,0.0
15734,"<a href=""statss.aspx?playerid=15734&position=P"">Brad Keller</a>",27.0,43.1,4.36153878149904,5.701194385099706,9.0
16128,"<a href=""statss.aspx?playerid=16128&position=P"">John Curtiss</a>",30.0,17.2,4.075472078530499,5.236172619893841,0.0
19753,"<a href=""statss.aspx?playerid=19753&position=P"">Jonathan Loaisiga</a>",28.0,3.1,2.7000010541085544,7.455041999221488,0.0
23313,"<a href=""statss.aspx?playerid=23313&position=P"">Jose Butto</a>",25.0,12.0,3.000000238418598,6.255040597915668,2.0
31839,"<a href=""statss.aspx?playerid=31839&position=P"">Shintaro Fujinami</a>",29.0,41.1,9.798388592172236,5.311492286249267,7.0
31461,"<a href=""statss.aspx?playerid=31461&position=P"">Ben Joyce</a>",22.0,4.0,4.5,7.0050403594970705,0.0
21205,"<a href=""statss.aspx?playerid=21205&position=P"">Connor Brogdon</a>",28.0,29.0,4.034483596133453,5.151592477337582,1.0
24975,"<a href=""statss.aspx?playerid=24975&position=P"">Cooper Criswell</a>",26.0,21.0,5.142857609962973,4.731230969764219,0.0
19354,"<a href=""statss.aspx?playerid=19354&position=OF"">Luke Raley</a>",28.0,2.2,30.375007241966067,12.255042505264793,0.0
17871,"<a href=""statss.aspx?playerid=17871&position=P"">Ian Gibaut</a>",29.0,39.1,3.661017638929607,5.288939047791297,0.0
20061,"<a href=""statss.aspx?playerid=20061&position=P"">Kaleb Ort</a>",31.0,21.2,5.400000425852296,5.516578999383929,2.0
19962,"<a href=""statss.aspx?playerid=19962&position=P"">Joey Wentz</a>",25.0,71.2,6.781395860200615,5.613180072200576,15.0
16647,"<a href=""statss.aspx?playerid=16647&position=P"">Ryan Thompson</a>",31.0,16.2,5.940000948858413,5.115040656614351,0.0
23252,"<a href=""statss.aspx?playerid=23252&position=P"">Spencer Howard</a>",26.0,0.1,108.00011265289614,60.25509981519225,0.0
21997,"<a href=""statss.aspx?playerid=21997&position=P"">Luis Frias</a>",25.0,6.2,10.80000267148084,5.9550410273672805,0.0
19330,"<a href=""statss.aspx?playerid=19330&position=P"">Matt Festa</a>",30.0,6.2,5.400000539124066,6.25504065901044,0.0
11294,"<a href=""statss.aspx?playerid=11294&position=P"">Zach Neal</a>",34.0,3.1,8.10000077247627,9.255040931701716,0.0
25550,"<a href=""statss.aspx?playerid=25550&position=P"">Matt Waldron</a>",26.0,4.2,3.8571433826369397,8.61218394649282,1.0
15444,"<a href=""statss.aspx?playerid=15444&position=P"">Zack Weiss</a>",31.0,1.2,5.400002156496909,10.455043234826283,0.0
19337,"<a href=""statss.aspx?playerid=19337&position=P"">Richard Lovelady</a>",27.0,21.0,3.8571438096009873,4.921707437719719,0.0
1247,"<a href=""statss.aspx?playerid=1247&position=P"">Adam Ottavino</a>",37.0,32.2,4.132653801457337,4.755040628174179,0.0
19805,"<a href=""statss.aspx?playerid=19805&position=P"">Daniel Castano</a>",28.0,1.0,27.0,28.25504035949707,0.0
11341,"<a href=""statss.aspx?playerid=11341&position=P"">Sean Nolin</a>",33.0,3.0,18.0,12.588373692830405,0.0
21189,"<a href=""statss.aspx?playerid=21189&position=P"">Brooks Kriske</a>",29.0,6.2,4.050000386238135,7.1550407314300895,0.0
13276,"<a href=""statss.aspx?playerid=13276&position=P"">Matt Carasiti</a>",31.0,21.2,7.061539620633852,5.424271484789822,0.0
22915,"<a href=""statss.aspx?playerid=22915&position=P"">Carlos Vargas</a>",23.0,4.2,5.785715147853026,9.040755507350097,0.0
18376,"<a href=""statss.aspx?playerid=18376&position=P"">Connor Overton</a>",29.0,11.0,11.454545454545455,7.073222177678889,3.0
18615,"<a href=""statss.aspx?playerid=18615&position=P"">Hobie Harris</a>",30.0,18.1,5.400000392090219,5.818676909277276,0.0
17092,"<a href=""statss.aspx?playerid=17092&position=P"">Domingo Acevedo</a>",29.0,9.1,10.607144369991065,5.505040680404266,0.0
19866,"<a href=""statss.aspx?playerid=19866&position=P"">Brandon Bielak</a>",27.0,47.1,4.373239730327212,5.642364463492118,8.0
27572,"<a href=""statss.aspx?playerid=27572&position=P"">Carmen Mlodzinski</a>",24.0,8.1,3.240000517559134,5.775040762043064,0.0
16400,"<a href=""statss.aspx?playerid=16400&position=P"">Reynaldo Lopez</a>",29.0,34.0,5.2941185983615,5.019746558950904,0.0
10430,"<a href=""statss.aspx?playerid=10430&position=P"">Mychal Givens</a>",33.0,4.0,11.250002933666876,7.505041467771223,0.0
25663,"<a href=""statss.aspx?playerid=25663&position=P"">McKinley Moore</a>",24.0,3.1,18.90000180244463,12.255041217804038,0.0
14986,"<a href=""statss.aspx?playerid=14986&position=P"">Giovanny Gallegos</a>",31.0,31.2,4.831579817385051,4.9603038244565,0.0
21620,"<a href=""statss.aspx?playerid=21620&position=P"">Jake Cousins</a>",28.0,9.1,4.821429751737674,6.362183977283571,0.0
14966,"<a href=""statss.aspx?playerid=14966&position=P"">Reyes Moronta</a>",30.0,1.1,6.750007040806008,16.75505444110909,0.0
15585,"<a href=""statss.aspx?playerid=15585&position=1B/DH"">Mike Ford</a>",30.0,2.0,18.0,17.75504035949707,0.0
27463,"<a href=""statss.aspx?playerid=27463&position=P"">Garrett Crochet</a>",24.0,10.0,3.600001083612768,6.355041292608065,0.0
20375,"<a href=""statss.aspx?playerid=20375&position=P"">Greg Weissert</a>",28.0,6.2,4.0500004043430495,7.755040808767125,0.0
15007,"<a href=""statss.aspx?playerid=15007&position=P"">Yacksel Rios</a>",30.0,1.2,37.800015771395586,19.455047118666606,0.0
19800,"<a href=""statss.aspx?playerid=19800&position=P"">Wil Crowe</a>",28.0,9.2,4.655173207931223,5.841247697236639,0.0
10314,"<a href=""statss.aspx?playerid=10314&position=P"">Erasmo Ramirez</a>",33.0,27.0,6.333334039390902,5.21800354129659,0.0
8337,"<a href=""statss.aspx?playerid=8337&position=P"">Lucas Luetge</a>",36.0,9.2,10.241381089022862,6.048144292866942,0.0
12760,"<a href=""statss.aspx?playerid=12760&position=P"">Rafael Montero</a>",32.0,33.1,7.290000304162515,5.115040437102321,0.0
15488,"<a href=""statss.aspx?playerid=15488&position=P"">Antonio Senzatela</a>",28.0,7.2,4.695652563315065,8.081127716237553,2.0
20369,"<a href=""statss.aspx?playerid=20369&position=P"">Matt Manning</a>",25.0,17.1,4.153846458570514,6.370425203424956,3.0
10291,"<a href=""statss.aspx?playerid=10291&position=P"">Ryan Tepera</a>",35.0,8.2,7.269233102277229,5.678118060256146,0.0
27451,"<a href=""statss.aspx?playerid=27451&position=P"">Alec Marsh</a>",25.0,4.0,11.25,10.25504035949707,1.0
18454,"<a href=""statss.aspx?playerid=18454&position=P"">Trevor Kelley</a>",30.0,13.1,4.050000413395507,6.330040673371437,3.0
7803,"<a href=""statss.aspx?playerid=7803&position=P"">Richard Bleier</a>",36.0,20.0,5.85000057533389,5.405040570944569,0.0
27488,"<a href=""statss.aspx?playerid=27488&position=P"">Karl Kauffmann</a>",25.0,17.2,10.188679611950267,6.59466312119188,3.0
6661,"<a href=""statss.aspx?playerid=6661&position=P"">Alex Colome</a>",34.0,3.0,6.000002086163293,9.255042445660363,0.0
14844,"<a href=""statss.aspx?playerid=14844&position=P"">Matt Dermody</a>",32.0,4.0,6.75,10.75504035949707,1.0
27646,"<a href=""statss.aspx?playerid=27646&position=P"">Luis L. Ortiz</a>",24.0,50.1,4.112582963274525,5.639146425163462,9.0
4994,"<a href=""statss.aspx?playerid=4994&position=P"">Fernando Abad</a>",37.0,2.2,10.125002640300188,15.255043488741737,0.0
15256,"<a href=""statss.aspx?playerid=15256&position=P"">Cole Sulser</a>",33.0,4.1,6.230769687855771,9.485810047352842,0.0
17490,"<a href=""statss.aspx?playerid=17490&position=P"">Genesis Cabrera</a>",26.0,29.1,4.909092648093981,5.164131944866952,0.0
27581,"<a href=""statss.aspx?playerid=27581&position=P"">Hayden Wesneski</a>",25.0,58.2,4.909091206683126,5.64140414052359,10.0
14677,"<a href=""statss.aspx?playerid=14677&position=P"">Duane Underwood Jr.</a>",28.0,24.1,5.178082893614704,5.06325978266411,0.0
22828,"<a href=""statss.aspx?playerid=22828&position=P"">Juan Then</a>",23.0,11.0,4.909091773604711,6.436859101648272,0.0
30074,"<a href=""statss.aspx?playerid=30074&position=P"">Chase Silseth</a>",23.0,18.2,5.303571609210001,5.82646901850798,1.0
16631,"<a href=""statss.aspx?playerid=16631&position=P"">Jeff Brigham</a>",31.0,29.1,4.295455342636029,5.027767961219876,0.0
13619,"<a href=""statss.aspx?playerid=13619&position=P"">Jakob Junis</a>",30.0,44.2,4.83582148705441,4.710264418101406,0.0
6895,"<a href=""statss.aspx?playerid=6895&position=P"">Chase Anderson</a>",35.0,45.2,6.503649997218334,6.276938338002559,9.0
25921,"<a href=""statss.aspx?playerid=25921&position=P"">Casey Legumina</a>",26.0,11.2,6.171430011282498,6.7693268936996045,0.0
23265,"<a href=""statss.aspx?playerid=23265&position=P"">Cody Bolton</a>",25.0,9.0,11.000001202027134,8.032818659367443,0.0
29960,"<a href=""statss.aspx?playerid=29960&position=P"">AJ Smith-Shawver</a>",20.0,16.2,4.320000411987344,6.615040679931671,3.0
11487,"<a href=""statss.aspx?playerid=11487&position=P"">Joely Rodriguez</a>",31.0,4.0,18.000004693867,11.755042576045376,0.0
23809,"<a href=""statss.aspx?playerid=23809&position=P"">Ray Kerr</a>",28.0,8.0,5.625000733416623,6.755040815845192,0.0
21846,"<a href=""statss.aspx?playerid=21846&position=P"">Cole Ragans</a>",25.0,24.1,5.917809521375998,5.26873943274307,0.0
20476,"<a href=""statss.aspx?playerid=20476&position=P"">Peter Solomon</a>",26.0,13.1,12.150001158714405,7.005040717124974,0.0
12361,"<a href=""statss.aspx?playerid=12361&position=P"">Spencer Patton</a>",35.0,5.1,6.750001760200125,8.317541679647166,0.0
6893,"<a href=""statss.aspx?playerid=6893&position=P"">Johnny Cueto</a>",37.0,1.0,36.0,32.25504035949707,1.0
17496,"<a href=""statss.aspx?playerid=17496&position=P"">Diego Castillo</a>",29.0,8.2,6.230769730707638,7.408886846635496,0.0
22461,"<a href=""statss.aspx?playerid=22461&position=P"">Logan Gillaspie</a>",26.0,9.0,6.00000272194668,6.366152881987942,0.0
17464,"<a href=""statss.aspx?playerid=17464&position=P"">Jonathan Hernandez</a>",26.0,21.2,6.646155942657951,5.470425673716388,0.0
17186,"<a href=""statss.aspx?playerid=17186&position=P"">Dinelson Lamet</a>",30.0,25.2,11.57142934175507,6.566728891649195,4.0
13763,"<a href=""statss.aspx?playerid=13763&position=P"">Dominic Leone</a>",31.0,22.2,5.161765536125947,5.460923067243201,0.0
24492,"<a href=""statss.aspx?playerid=24492&position=P"">Grayson Rodriguez</a>",23.0,45.1,7.3455885958609874,5.902099312960489,10.0
17292,"<a href=""statss.aspx?playerid=17292&position=P"">Javy Guerra</a>",27.0,13.1,6.750001201965129,7.3800410940313155,2.0
20023,"<a href=""statss.aspx?playerid=20023&position=P"">Rico Garcia</a>",29.0,4.0,11.2500028498478,11.505042449385456,0.0
12997,"<a href=""statss.aspx?playerid=12997&position=P"">Colten Brewer</a>",30.0,8.1,4.320000164794928,8.415040556335457,0.0
1157,"<a href=""statss.aspx?playerid=1157&position=P"">Tommy Hunter</a>",36.0,23.2,6.845071477009054,5.747998490012714,0.0
20185,"<a href=""statss.aspx?playerid=20185&position=P"">Zach Pop</a>",26.0,13.2,6.585368630009312,6.32821238683475,0.0
21541,"<a href=""statss.aspx?playerid=21541&position=P"">Reiss Knehr</a>",26.0,5.2,15.88235489018672,11.372688414481395,1.0
16466,"<a href=""statss.aspx?playerid=16466&position=P"">Brent Honeywell</a>",28.0,39.2,3.403361820994119,5.423107889908139,0.0
14295,"<a href=""statss.aspx?playerid=14295&position=P"">Wandy Peralta</a>",31.0,31.1,2.5851070066926427,5.010359931942692,0.0
24737,"<a href=""statss.aspx?playerid=24737&position=P"">Gus Varland</a>",26.0,8.2,11.423080510730996,9.485811547168524,0.0
10133,"<a href=""statss.aspx?playerid=10133&position=P"">Brad Boxberger</a>",35.0,14.2,5.522727927347061,6.186858888829461,0.0
18383,"<a href=""statss.aspx?playerid=18383&position=P"">Michael Soroka</a>",25.0,15.2,6.893617301032585,7.403976698081497,3.0
20167,"<a href=""statss.aspx?playerid=20167&position=P"">Kyle Muller</a>",25.0,47.0,8.042553354680352,5.999721266253063,10.0
19459,"<a href=""statss.aspx?playerid=19459&position=P"">Jorge Alcala</a>",27.0,15.1,6.456522274558215,6.8419971786960785,0.0
15047,"<a href=""statss.aspx?playerid=15047&position=P"">Austin Voth</a>",31.0,31.0,4.935484663349908,5.416331029068599,0.0
18674,"<a href=""statss.aspx?playerid=18674&position=P"">Jake Woodford</a>",26.0,39.2,5.6722695439745285,6.128990261777498,6.0
17732,"<a href=""statss.aspx?playerid=17732&position=P"">Nabil Crismatt</a>",28.0,11.0,9.81818357380985,7.345950181917842,0.0
21513,"<a href=""statss.aspx?playerid=21513&position=P"">Thad Ward</a>",26.0,29.2,6.06741648207357,6.356164339223562,0.0
21170,"<a href=""statss.aspx?playerid=21170&position=P"">Dany Jimenez</a>",29.0,6.2,5.40000133574042,8.65504169523749,0.0
17969,"<a href=""statss.aspx?playerid=17969&position=P"">Peter Lambert</a>",26.0,31.1,6.8936179304836465,6.255040755170509,0.0
19407,"<a href=""statss.aspx?playerid=19407&position=P"">Ronel Blanco</a>",29.0,40.0,4.725000112652781,6.280040431618692,5.0
20151,"<a href=""statss.aspx?playerid=20151&position=P"">James Karinchak</a>",27.0,27.2,3.9036149932609003,5.604438272107798,0.0
17556,"<a href=""statss.aspx?playerid=17556&position=P"">Jimmy Herget</a>",29.0,15.2,5.170213310170307,6.638019438991222,0.0
19545,"<a href=""statss.aspx?playerid=19545&position=P"">Stephen Nogosek</a>",28.0,25.2,5.61039038777342,6.2160797308219315,0.0
19487,"<a href=""statss.aspx?playerid=19487&position=P"">Devin Smeltzer</a>",27.0,15.2,6.893617301032585,8.297593755622758,1.0
13273,"<a href=""statss.aspx?playerid=13273&position=P"">Ross Stripling</a>",33.0,35.1,6.877358923691736,6.226738659857697,5.0
14552,"<a href=""statss.aspx?playerid=14552&position=P"">Jose Ruiz</a>",28.0,36.2,5.400000971447512,5.873222648683743,0.0
27583,"<a href=""statss.aspx?playerid=27583&position=P"">Garrett Acton</a>",25.0,5.2,12.705886117315913,11.549160463856069,0.0
5524,"<a href=""statss.aspx?playerid=5524&position=P"">Madison Bumgarner</a>",33.0,16.2,10.260000391387955,8.055040542602546,4.0
25097,"<a href=""statss.aspx?playerid=25097&position=P"">Garrett Hill</a>",27.0,13.2,9.878049950862906,7.133089599465471,0.0
5114,"<a href=""statss.aspx?playerid=5114&position=P"">Jeurys Familia</a>",33.0,12.2,6.394738216273307,7.202409628801582,0.0
22210,"<a href=""statss.aspx?playerid=22210&position=P"">Jeremiah Estrada</a>",24.0,10.2,6.750001665903667,9.067541794025228,0.0
21649,"<a href=""statss.aspx?playerid=21649&position=P"">Luis Medina</a>",24.0,53.2,6.372670996194182,5.88236962985783,8.0
6632,"<a href=""statss.aspx?playerid=6632&position=P"">Carlos Carrasco</a>",36.0,53.0,5.943396440304322,6.424851794326042,11.0
14681,"<a href=""statss.aspx?playerid=14681&position=P"">Andres Machado</a>",30.0,17.0,8.470589720254386,7.313864600452297,0.0
20132,"<a href=""statss.aspx?playerid=20132&position=P"">Adam Oller</a>",28.0,19.2,10.067797942567205,7.221142579296273,1.0
19316,"<a href=""statss.aspx?playerid=19316&position=P"">Eric Lauer</a>",28.0,42.2,5.484375326894243,6.700353064853711,8.0
27782,"<a href=""statss.aspx?playerid=27782&position=P"">Brandon Pfaadt</a>",24.0,25.2,9.818182426191456,7.462832827864837,6.0
29928,"<a href=""statss.aspx?playerid=29928&position=P"">Dylan Dodd</a>",25.0,24.1,7.397260370610647,7.652300690915622,5.0
19911,"<a href=""statss.aspx?playerid=19911&position=P"">Jose Suarez</a>",25.0,24.1,9.616438858682233,8.1865474665136,6.0
15036,"<a href=""statss.aspx?playerid=15036&position=P"">Chase De Jong</a>",29.0,11.1,13.500001514659377,11.019747113026646,0.0
19541,"<a href=""statss.aspx?playerid=19541&position=P"">Jimmy Lambert</a>",28.0,22.1,6.850747609462733,7.105787381809456,1.0
26410,"<a href=""statss.aspx?playerid=26410&position=P"">Alek Manoah</a>",25.0,58.0,6.362069282614322,6.496419831398134,13.0
12499,"<a href=""statss.aspx?playerid=12499&position=P"">Drew Rucinski</a>",34.0,18.0,9.000000953674418,8.69948538085567,4.0
20418,"<a href=""statss.aspx?playerid=20418&position=P"">Josh Fleming</a>",27.0,48.2,4.623287731631654,5.844081489210797,3.0
22288,"<a href=""statss.aspx?playerid=22288&position=P"">Mason Englert</a>",23.0,48.0,4.500000637024732,5.588374023139524,1.0
14975,"<a href=""statss.aspx?playerid=14975&position=P"">Chad Kuhl</a>",30.0,38.1,8.452174824244231,6.776779869598833,5.0
15288,"<a href=""statss.aspx?playerid=15288&position=P"">Adam Cimber</a>",32.0,20.2,7.403227486112124,7.464718733952984,0.0
27681,"<a href=""statss.aspx?playerid=27681&position=P"">Ken Waldichuk</a>",25.0,66.1,6.783920118162845,6.149512943246551,11.0
14527,"<a href=""statss.aspx?playerid=14527&position=P"">Jorge Lopez</a>",30.0,27.0,5.000000375288533,6.180966505036286,0.0
13896,"<a href=""statss.aspx?playerid=13896&position=P"">Chris Flexen</a>",28.0,42.0,7.714285889450388,6.6359928172191545,4.0
6398,"<a href=""statss.aspx?playerid=6398&position=P"">Trevor May</a>",33.0,20.2,5.661291076376375,7.1743957200653306,0.0
1246,"<a href=""statss.aspx?playerid=1246&position=P"">Matt Bush</a>",37.0,10.1,9.580647417863164,9.351815989046356,0.0
11589,"<a href=""statss.aspx?playerid=11589&position=P"">Jose Urena</a>",31.0,18.1,9.818183009880778,10.94595038390368,5.0
2429,"<a href=""statss.aspx?playerid=2429&position=P"">Corey Kluber</a>",37.0,55.0,7.036363880378164,7.109585947714566,9.0
