player_id,player_name,pa,woba,xwoba,gap,ros_pa,ros_woba,ros_xwoba,season
408234,"Cabrera, Miguel",344,0.379,0.422,-0.04299999999999998,335,0.419,0.476,2016
592885,"Yelich, Christian",306,0.377,0.404,-0.027000000000000024,353,0.36,0.365,2016
502110,"Martinez, J.D.",285,0.37,0.404,-0.03400000000000003,232,0.401,0.389,2016
434778,"Morales, Kendrys",290,0.327,0.393,-0.066,328,0.349,0.384,2016
621043,"Correa, Carlos",333,0.363,0.389,-0.026000000000000023,327,0.335,0.339,2016
592206,"Castellanos, Nick",315,0.362,0.388,-0.026000000000000023,132,0.321,0.373,2016
458015,"Votto, Joey",328,0.356,0.385,-0.029000000000000026,349,0.467,0.413,2016
457759,"Turner, Justin",303,0.33,0.379,-0.04899999999999999,319,0.374,0.329,2016
408045,"Mauer, Joe",323,0.32,0.37,-0.04999999999999999,253,0.335,0.341,2016
467793,"Santana, Carlos",334,0.341,0.368,-0.02699999999999997,354,0.397,0.402,2016
457763,"Posey, Buster",298,0.344,0.367,-0.02300000000000002,316,0.338,0.356,2016
407812,"Holliday, Matt",293,0.341,0.366,-0.024999999999999967,133,0.323,0.319,2016
501981,"Davis, Khris",285,0.336,0.365,-0.02899999999999997,325,0.361,0.372,2016
474892,"Carter, Chris",311,0.338,0.359,-0.020999999999999963,333,0.354,0.377,2016
430945,"Jones, Adam",323,0.335,0.357,-0.021999999999999964,349,0.303,0.301,2016
150029,"Werth, Jayson",294,0.333,0.355,-0.021999999999999964,312,0.322,0.319,2016
608577,"Mazara, Nomar",302,0.331,0.354,-0.022999999999999965,266,0.304,0.293,2016
461314,"Kemp, Matt",329,0.308,0.342,-0.03400000000000003,343,0.358,0.351,2016
455976,"Markakis, Nick",338,0.303,0.339,-0.03600000000000003,346,0.339,0.334,2016
405395,"Pujols, Albert",330,0.317,0.339,-0.02200000000000002,320,0.345,0.395,2016
489149,"Morrison, Logan",269,0.302,0.333,-0.031000000000000028,129,0.35,0.348,2016
475582,"Zimmerman, Ryan",289,0.298,0.331,-0.03300000000000003,178,0.243,0.291,2016
457705,"McCutchen, Andrew",333,0.31,0.331,-0.02100000000000002,342,0.347,0.35,2016
475174,"Alonso, Yonder",263,0.286,0.329,-0.04300000000000004,269,0.311,0.303,2016
452655,"Span, Denard",348,0.305,0.327,-0.02200000000000002,289,0.319,0.32,2016
516770,"Castro, Starlin",306,0.298,0.318,-0.020000000000000018,304,0.328,0.298,2016
425877,"Molina, Yadier",290,0.294,0.317,-0.02300000000000002,291,0.389,0.341,2016
588751,"Hechavarría, Adeiny",280,0.265,0.305,-0.03999999999999998,267,0.247,0.28,2016
457708,"Upton, Justin",315,0.283,0.303,-0.020000000000000018,311,0.376,0.382,2016
475253,"Smoak, Justin",295,0.397,0.427,-0.02999999999999997,342,0.349,0.357,2017
408234,"Cabrera, Miguel",279,0.346,0.411,-0.065,250,0.275,0.326,2017
572761,"Carpenter, Matt",324,0.355,0.409,-0.05399999999999999,298,0.367,0.348,2017
608369,"Seager, Corey",317,0.381,0.407,-0.025999999999999968,296,0.346,0.352,2017
621043,"Correa, Carlos",331,0.386,0.406,-0.020000000000000018,150,0.41,0.375,2017
594988,"Schebler, Scott",293,0.365,0.395,-0.030000000000000027,238,0.287,0.291,2017
501981,"Davis, Khris",332,0.356,0.395,-0.039000000000000035,320,0.366,0.377,2017
474832,"Belt, Brandon",340,0.343,0.393,-0.04999999999999999,111,0.379,0.358,2017
519048,"Moreland, Mitch",303,0.344,0.389,-0.04500000000000004,273,0.305,0.35,2017
429664,"Canó, Robinson",309,0.354,0.379,-0.025000000000000022,339,0.317,0.333,2017
592206,"Castellanos, Nick",322,0.31,0.374,-0.064,343,0.37,0.373,2017
425783,"Choo, Shin-Soo",311,0.35,0.373,-0.02300000000000002,325,0.328,0.361,2017
521692,"Perez, Salvador",283,0.352,0.372,-0.020000000000000018,215,0.298,0.318,2017
408045,"Mauer, Joe",283,0.33,0.371,-0.04099999999999998,314,0.366,0.367,2017
451594,"Fowler, Dexter",277,0.344,0.37,-0.026000000000000023,214,0.376,0.342,2017
453943,"Frazier, Todd",289,0.328,0.37,-0.04199999999999998,287,0.341,0.339,2017
434778,"Morales, Kendrys",307,0.326,0.366,-0.03999999999999998,301,0.313,0.342,2017
572122,"Seager, Kyle",333,0.324,0.361,-0.03699999999999998,317,0.329,0.327,2017
434670,"Ramirez, Hanley",268,0.331,0.355,-0.023999999999999966,285,0.306,0.339,2017
592518,"Machado, Manny",325,0.301,0.354,-0.05299999999999999,365,0.351,0.366,2017
459964,"Joyce, Matt",264,0.323,0.353,-0.02999999999999997,280,0.361,0.359,2017
467793,"Santana, Carlos",346,0.309,0.352,-0.04299999999999998,321,0.395,0.366,2017
656941,"Schwarber, Kyle",261,0.294,0.338,-0.04400000000000004,225,0.377,0.353,2017
607680,"Pillar, Kevin",337,0.31,0.335,-0.025000000000000022,295,0.294,0.283,2017
400121,"Martinez, Victor",254,0.304,0.332,-0.028000000000000025,181,0.301,0.336,2017
596748,"Franco, Maikel",310,0.277,0.313,-0.035999999999999976,313,0.307,0.292,2017
435063,"Napoli, Mike",253,0.285,0.308,-0.02300000000000002,231,0.321,0.32,2017
405395,"Pujols, Albert",323,0.277,0.301,-0.023999999999999966,313,0.296,0.333,2017
543063,"Crawford, Brandon",266,0.271,0.298,-0.02699999999999997,304,0.328,0.306,2017
621020,"Swanson, Dansby",309,0.269,0.294,-0.024999999999999967,242,0.284,0.296,2017
460086,"Gordon, Alex",274,0.257,0.29,-0.032999999999999974,267,0.282,0.302,2017
606299,"Peraza, José",304,0.266,0.289,-0.022999999999999965,214,0.282,0.318,2017
621439,"Buxton, Byron",251,0.248,0.273,-0.025000000000000022,260,0.374,0.323,2017
443558,"Cruz, Nelson",292,0.39,0.415,-0.024999999999999967,299,0.333,0.377,2018
458015,"Votto, Joey",359,0.385,0.413,-0.02799999999999997,264,0.349,0.361,2018
543685,"Rendon, Anthony",264,0.372,0.399,-0.027000000000000024,333,0.392,0.373,2018
547180,"Harper, Bryce",352,0.356,0.397,-0.041000000000000036,343,0.395,0.386,2018
500874,"Martínez, José A.",315,0.372,0.396,-0.02400000000000002,275,0.337,0.357,2018
572761,"Carpenter, Matt",322,0.369,0.395,-0.026000000000000023,354,0.381,0.384,2018
592885,"Yelich, Christian",297,0.36,0.382,-0.02200000000000002,354,0.474,0.437,2018
501981,"Davis, Khris",321,0.345,0.38,-0.03500000000000003,333,0.385,0.371,2018
621566,"Olson, Matt",343,0.336,0.376,-0.03999999999999998,317,0.344,0.337,2018
467793,"Santana, Carlos",347,0.343,0.37,-0.02699999999999997,332,0.324,0.321,2018
543305,"Hicks, Aaron",262,0.341,0.37,-0.02899999999999997,319,0.375,0.373,2018
606192,"Hernández, Teoscar",282,0.347,0.368,-0.02100000000000002,241,0.306,0.312,2018
457708,"Upton, Justin",351,0.345,0.367,-0.02200000000000002,262,0.352,0.337,2018
608336,"Gallo, Joey",320,0.32,0.367,-0.046999999999999986,257,0.371,0.372,2018
519058,"Moustakas, Mike",341,0.335,0.366,-0.030999999999999972,294,0.322,0.3,2018
502054,"Pham, Tommy",306,0.32,0.359,-0.03899999999999998,264,0.404,0.396,2018
596142,"Sánchez, Gary",265,0.312,0.358,-0.045999999999999985,109,0.283,0.307,2018
543807,"Springer, George",371,0.336,0.357,-0.020999999999999963,246,0.346,0.33,2018
542303,"Ozuna, Marcell",322,0.325,0.354,-0.02899999999999997,306,0.328,0.353,2018
429665,"Encarnación, Edwin",306,0.332,0.354,-0.021999999999999964,272,0.362,0.359,2018
519203,"Rizzo, Anthony",321,0.33,0.353,-0.022999999999999965,344,0.386,0.381,2018
572039,"Piscotty, Stephen",291,0.316,0.351,-0.034999999999999976,314,0.383,0.36,2018
518934,"LeMahieu, DJ",271,0.328,0.349,-0.020999999999999963,310,0.317,0.306,2018
592387,"Healy, Ryon",268,0.321,0.348,-0.02699999999999997,256,0.271,0.295,2018
460086,"Gordon, Alex",258,0.303,0.345,-0.04199999999999998,310,0.306,0.316,2018
594807,"Duvall, Adam",283,0.294,0.338,-0.04400000000000004,144,0.245,0.281,2018
543401,"Kipnis, Jason",325,0.283,0.331,-0.04800000000000004,276,0.338,0.304,2018
641820,"Mancini, Trey",326,0.298,0.33,-0.03200000000000003,310,0.318,0.325,2018
598265,"Bradley Jr., Jackie",273,0.277,0.329,-0.05199999999999999,262,0.346,0.359,2018
446334,"Longoria, Evan",270,0.302,0.323,-0.02100000000000002,242,0.287,0.294,2018
405395,"Pujols, Albert",327,0.293,0.322,-0.029000000000000026,171,0.312,0.336,2018
521692,"Perez, Salvador",257,0.275,0.32,-0.044999999999999984,287,0.33,0.346,2018
400121,"Martinez, Victor",286,0.271,0.315,-0.043999999999999984,222,0.294,0.311,2018
621446,"Brinson, Lewis",295,0.247,0.297,-0.04999999999999999,110,0.249,0.272,2018
444876,"Escobar, Alcides",313,0.231,0.271,-0.04000000000000001,218,0.304,0.278,2018
448801,"Davis, Chris",268,0.22,0.261,-0.04100000000000001,254,0.259,0.283,2018
545361,"Trout, Mike",361,0.43,0.473,-0.04299999999999998,239,0.446,0.44,2019
543685,"Rendon, Anthony",299,0.416,0.447,-0.031000000000000028,347,0.409,0.386,2019
502110,"Martinez, J.D.",335,0.38,0.419,-0.03899999999999998,322,0.392,0.38,2019
596142,"Sánchez, Gary",264,0.372,0.409,-0.03699999999999998,182,0.307,0.319,2019
660670,"Acuña Jr., Ronald",386,0.374,0.406,-0.03200000000000003,329,0.363,0.372,2019
457759,"Turner, Justin",316,0.36,0.405,-0.04500000000000004,233,0.383,0.341,2019
475253,"Smoak, Justin",274,0.344,0.403,-0.05900000000000005,226,0.298,0.325,2019
605141,"Betts, Mookie",388,0.354,0.389,-0.03500000000000003,318,0.412,0.438,2019
614177,"Reyes, Franmil",279,0.348,0.386,-0.038000000000000034,269,0.328,0.331,2019
542303,"Ozuna, Marcell",326,0.35,0.382,-0.03200000000000003,223,0.314,0.366,2019
429665,"Encarnación, Edwin",339,0.355,0.379,-0.02400000000000002,147,0.378,0.334,2019
624424,"Conforto, Michael",327,0.354,0.377,-0.02300000000000002,321,0.363,0.364,2019
547180,"Harper, Bryce",367,0.352,0.377,-0.025000000000000022,315,0.382,0.398,2019
570267,"Santana, Domingo",375,0.355,0.377,-0.02200000000000002,132,0.245,0.244,2019
621020,"Swanson, Dansby",362,0.339,0.376,-0.03699999999999998,183,0.273,0.298,2019
543068,"Cron, C.J.",316,0.345,0.375,-0.030000000000000027,183,0.29,0.35,2019
474832,"Belt, Brandon",307,0.336,0.372,-0.035999999999999976,309,0.302,0.321,2019
547989,"Abreu, José",346,0.335,0.364,-0.02899999999999997,347,0.353,0.352,2019
656941,"Schwarber, Kyle",325,0.327,0.358,-0.030999999999999972,285,0.391,0.392,2019
572233,"Walker, Christian",320,0.335,0.357,-0.021999999999999964,283,0.357,0.373,2019
624585,"Soler, Jorge",346,0.331,0.354,-0.022999999999999965,333,0.429,0.44,2019
541645,"García, Avisaíl",311,0.33,0.351,-0.020999999999999963,219,0.34,0.333,2019
608577,"Mazara, Nomar",318,0.321,0.351,-0.02999999999999997,151,0.34,0.311,2019
592663,"Realmuto, J.T.",310,0.316,0.349,-0.032999999999999974,283,0.365,0.332,2019
430945,"Jones, Adam",325,0.32,0.349,-0.02899999999999997,203,0.289,0.272,2019
405395,"Pujols, Albert",280,0.308,0.349,-0.04099999999999998,265,0.309,0.289,2019
594777,"Calhoun, Kole",331,0.319,0.345,-0.025999999999999968,301,0.341,0.333,2019
503556,"Gonzalez, Marwin",263,0.31,0.345,-0.034999999999999976,200,0.317,0.294,2019
502671,"Goldschmidt, Paul",352,0.32,0.341,-0.02100000000000002,330,0.374,0.378,2019
446334,"Longoria, Evan",277,0.289,0.338,-0.049000000000000044,231,0.362,0.366,2019
543401,"Kipnis, Jason",266,0.29,0.337,-0.04700000000000004,245,0.313,0.293,2019
543257,"Grossman, Robbie",252,0.307,0.336,-0.029000000000000026,230,0.29,0.315,2019
642133,"Tellez, Rowdy",260,0.299,0.332,-0.03300000000000003,149,0.324,0.342,2019
608070,"Ramírez, José",340,0.277,0.326,-0.04899999999999999,202,0.431,0.369,2019
456715,"Cain, Lorenzo",348,0.289,0.321,-0.03200000000000003,275,0.319,0.353,2019
596748,"Franco, Maikel",277,0.279,0.317,-0.03799999999999998,151,0.285,0.263,2019
571771,"Hernández, Enrique",296,0.29,0.316,-0.026000000000000023,164,0.322,0.283,2019
624428,"Frazier, Adam",307,0.286,0.314,-0.028000000000000025,301,0.354,0.322,2019
595777,"Profar, Jurickson",310,0.277,0.313,-0.035999999999999976,208,0.338,0.35,2019
605412,"Panik, Joe",304,0.281,0.311,-0.02999999999999997,187,0.288,0.298,2019
425877,"Molina, Yadier",267,0.284,0.304,-0.020000000000000018,185,0.33,0.347,2019
516770,"Castro, Starlin",345,0.243,0.279,-0.03600000000000003,331,0.373,0.35,2019
571970,"Muncy, Max",273,0.41,0.433,-0.02300000000000002,319,0.352,0.384,2021
592450,"Judge, Aaron",319,0.386,0.427,-0.04099999999999998,314,0.389,0.408,2021
665742,"Soto, Juan",285,0.363,0.416,-0.05299999999999999,369,0.466,0.438,2021
518692,"Freeman, Freddie",342,0.357,0.413,-0.055999999999999994,353,0.401,0.407,2021
663656,"Tucker, Kyle",300,0.342,0.401,-0.059,267,0.429,0.386,2021
656941,"Schwarber, Kyle",298,0.377,0.397,-0.020000000000000018,173,0.417,0.397,2021
608070,"Ramírez, José",306,0.367,0.395,-0.028000000000000025,330,0.377,0.359,2021
502671,"Goldschmidt, Paul",332,0.319,0.369,-0.04999999999999999,347,0.426,0.421,2021
592518,"Machado, Manny",307,0.335,0.367,-0.03199999999999997,333,0.364,0.386,2021
519203,"Rizzo, Anthony",282,0.338,0.364,-0.025999999999999968,294,0.34,0.333,2021
641820,"Mancini, Trey",330,0.336,0.363,-0.02699999999999997,286,0.314,0.313,2021
476704,"Lowrie, Jed",293,0.312,0.363,-0.05099999999999999,219,0.31,0.319,2021
457705,"McCutchen, Andrew",302,0.339,0.361,-0.021999999999999964,272,0.33,0.317,2021
453568,"Blackmon, Charlie",292,0.33,0.36,-0.02999999999999997,290,0.335,0.357,2021
467793,"Santana, Carlos",335,0.335,0.357,-0.021999999999999964,324,0.252,0.308,2021
541645,"García, Avisaíl",283,0.32,0.352,-0.03199999999999997,232,0.378,0.38,2021
593871,"Polanco, Jorge",299,0.321,0.346,-0.024999999999999967,345,0.373,0.346,2021
669221,"Murphy, Sean",252,0.322,0.346,-0.023999999999999966,196,0.293,0.328,2021
664040,"Lowe, Brandon",307,0.319,0.345,-0.025999999999999968,308,0.407,0.366,2021
656555,"Hoskins, Rhys",329,0.32,0.34,-0.020000000000000018,114,0.493,0.482,2021
518934,"LeMahieu, DJ",346,0.319,0.339,-0.020000000000000018,333,0.311,0.346,2021
642086,"Smith, Dominic",274,0.298,0.339,-0.041000000000000036,219,0.281,0.308,2021
514917,"Hernández, César",328,0.302,0.335,-0.03300000000000003,309,0.302,0.285,2021
621020,"Swanson, Dansby",319,0.304,0.331,-0.027000000000000024,334,0.34,0.328,2021
543333,"Hosmer, Eric",289,0.29,0.329,-0.039000000000000035,276,0.35,0.325,2021
596019,"Lindor, Francisco",321,0.289,0.324,-0.03500000000000003,203,0.361,0.376,2021
624585,"Soler, Jorge",285,0.269,0.322,-0.05299999999999999,317,0.371,0.392,2021
572122,"Seager, Kyle",333,0.298,0.321,-0.02300000000000002,337,0.317,0.318,2021
666158,"Lux, Gavin",266,0.291,0.32,-0.029000000000000026,115,0.331,0.316,2021
664761,"Bohm, Alec",295,0.269,0.317,-0.04799999999999999,122,0.323,0.301,2021
669242,"Edman, Tommy",347,0.29,0.316,-0.026000000000000023,344,0.312,0.321,2021
650402,"Torres, Gleyber",290,0.288,0.312,-0.02400000000000002,226,0.331,0.353,2021
553993,"Suárez, Eugenio",320,0.272,0.304,-0.03199999999999997,254,0.349,0.346,2021
462101,"Andrus, Elvis",284,0.248,0.303,-0.05499999999999999,257,0.294,0.319,2021
621028,"Newman, Kevin",281,0.229,0.281,-0.05200000000000002,273,0.27,0.276,2021
598265,"Bradley Jr., Jackie",259,0.233,0.262,-0.028999999999999998,169,0.21,0.238,2021
670541,"Alvarez, Yordan",279,0.448,0.475,-0.02699999999999997,282,0.405,0.443,2022
592450,"Judge, Aaron",329,0.41,0.431,-0.02100000000000002,367,0.502,0.502,2022
663656,"Tucker, Kyle",283,0.364,0.407,-0.04299999999999998,326,0.333,0.322,2022
547989,"Abreu, José",317,0.363,0.407,-0.043999999999999984,362,0.36,0.344,2022
519317,"Stanton, Giancarlo",259,0.364,0.406,-0.04200000000000004,193,0.277,0.276,2022
518692,"Freeman, Freddie",339,0.377,0.398,-0.02100000000000002,369,0.407,0.413,2022
656941,"Schwarber, Kyle",328,0.364,0.397,-0.03300000000000003,341,0.345,0.362,2022
660271,"Ohtani, Shohei",323,0.363,0.394,-0.031000000000000028,343,0.376,0.38,2022
665742,"Soto, Juan",333,0.359,0.393,-0.03400000000000003,331,0.393,0.414,2022
665489,"Guerrero Jr., Vladimir",325,0.362,0.384,-0.02200000000000002,381,0.343,0.328,2022
663624,"Mountcastle, Ryan",275,0.341,0.381,-0.03999999999999998,334,0.295,0.348,2022
641820,"Mancini, Trey",295,0.342,0.381,-0.03899999999999998,292,0.283,0.288,2022
572233,"Walker, Christian",302,0.334,0.377,-0.04299999999999998,365,0.356,0.35,2022
669257,"Smith, Will",256,0.348,0.377,-0.029000000000000026,322,0.35,0.343,2022
596146,"Kepler, Max",273,0.333,0.371,-0.03799999999999998,173,0.243,0.295,2022
608369,"Seager, Corey",317,0.313,0.368,-0.05499999999999999,346,0.348,0.378,2022
593871,"Polanco, Jorge",260,0.325,0.365,-0.03999999999999998,185,0.343,0.362,2022
608385,"Winker, Jesse",320,0.318,0.361,-0.04299999999999998,227,0.305,0.325,2022
542303,"Ozuna, Marcell",309,0.299,0.355,-0.055999999999999994,198,0.295,0.309,2022
664913,"Brown, Seth",252,0.311,0.348,-0.03699999999999998,303,0.334,0.337,2022
657077,"Verdugo, Alex",295,0.306,0.345,-0.03899999999999998,349,0.33,0.321,2022
656305,"Chapman, Matt",281,0.313,0.342,-0.029000000000000026,340,0.346,0.348,2022
443558,"Cruz, Nelson",302,0.318,0.339,-0.02100000000000002,205,0.253,0.297,2022
594777,"Calhoun, Kole",253,0.303,0.338,-0.03500000000000003,171,0.197,0.239,2022
669221,"Murphy, Sean",279,0.296,0.336,-0.040000000000000036,333,0.361,0.354,2022
664761,"Bohm, Alec",300,0.285,0.331,-0.04600000000000004,331,0.332,0.337,2022
593160,"Merrifield, Whit",332,0.26,0.314,-0.05399999999999999,218,0.346,0.272,2022
624428,"Frazier, Adam",315,0.264,0.301,-0.03699999999999998,287,0.284,0.3,2022
570731,"Schoop, Jonathan",282,0.233,0.283,-0.04999999999999996,228,0.261,0.264,2022
660670,"Acuña Jr., Ronald",373,0.425,0.458,-0.03300000000000003,362,0.43,0.464,2023
665489,"Guerrero Jr., Vladimir",348,0.345,0.403,-0.05800000000000005,334,0.334,0.355,2023
668804,"Reynolds, Bryan",294,0.352,0.388,-0.03600000000000003,346,0.325,0.334,2023
624413,"Alonso, Pete",312,0.346,0.388,-0.04200000000000004,346,0.345,0.352,2023
542303,"Ozuna, Marcell",261,0.347,0.379,-0.03200000000000003,331,0.407,0.407,2023
646240,"Devers, Rafael",340,0.335,0.377,-0.04199999999999998,316,0.385,0.381,2023
663656,"Tucker, Kyle",336,0.349,0.377,-0.028000000000000025,338,0.395,0.394,2023
668939,"Rutschman, Adley",345,0.347,0.367,-0.020000000000000018,342,0.357,0.38,2023
621020,"Swanson, Dansby",344,0.336,0.362,-0.025999999999999968,294,0.311,0.323,2023
656941,"Schwarber, Kyle",354,0.329,0.355,-0.025999999999999968,366,0.37,0.368,2023
571970,"Muncy, Max",267,0.333,0.354,-0.020999999999999963,312,0.353,0.37,2023
660688,"Ruiz, Keibert",280,0.291,0.352,-0.061,282,0.33,0.292,2023
677951,"Witt Jr., Bobby",351,0.301,0.352,-0.05099999999999999,343,0.386,0.383,2023
575929,"Contreras, Willson",294,0.297,0.35,-0.05299999999999999,201,0.448,0.412,2023
671213,"Casas, Triston",268,0.322,0.349,-0.02699999999999997,234,0.419,0.394,2023
596019,"Lindor, Francisco",350,0.321,0.349,-0.02799999999999997,337,0.371,0.342,2023
663624,"Mountcastle, Ryan",261,0.29,0.349,-0.059,209,0.387,0.364,2023
650402,"Torres, Gleyber",331,0.321,0.349,-0.02799999999999997,341,0.369,0.377,2023
543807,"Springer, George",349,0.323,0.346,-0.022999999999999965,334,0.316,0.314,2023
656716,"McKinstry, Zach",255,0.31,0.345,-0.034999999999999976,263,0.268,0.28,2023
605137,"Bell, Josh",298,0.312,0.34,-0.028000000000000025,319,0.333,0.346,2023
679529,"Torkelson, Spencer",339,0.302,0.34,-0.038000000000000034,345,0.349,0.356,2023
663757,"Grisham, Trent",293,0.309,0.337,-0.028000000000000025,262,0.288,0.306,2023
553993,"Suárez, Eugenio",340,0.293,0.337,-0.04400000000000004,354,0.332,0.31,2023
663728,"Raleigh, Cal",267,0.312,0.336,-0.02400000000000002,302,0.339,0.324,2023
624428,"Frazier, Adam",274,0.303,0.327,-0.02400000000000002,181,0.302,0.262,2023
671277,"García Jr., Luis",314,0.301,0.323,-0.02200000000000002,168,0.29,0.282,2023
669004,"Melendez, MJ",314,0.279,0.315,-0.035999999999999976,288,0.344,0.338,2023
683011,"Volpe, Anthony",300,0.291,0.314,-0.02300000000000002,301,0.289,0.303,2023
642715,"Adames, Willy",307,0.288,0.313,-0.025000000000000022,331,0.333,0.351,2023
547989,"Abreu, José",328,0.274,0.297,-0.022999999999999965,266,0.322,0.337,2023
641313,"Anderson, Tim",253,0.237,0.286,-0.04899999999999999,271,0.281,0.274,2023
665742,"Soto, Juan",371,0.428,0.459,-0.031000000000000028,342,0.412,0.468,2024
660271,"Ohtani, Shohei",375,0.432,0.454,-0.02200000000000002,356,0.43,0.433,2024
542303,"Ozuna, Marcell",347,0.404,0.428,-0.023999999999999966,341,0.385,0.38,2024
677951,"Witt Jr., Bobby",377,0.378,0.402,-0.02400000000000002,332,0.446,0.413,2024
665489,"Guerrero Jr., Vladimir",367,0.369,0.395,-0.026000000000000023,330,0.431,0.433,2024
656811,"O'Hearn, Ryan",251,0.347,0.381,-0.03400000000000003,243,0.312,0.327,2024
608369,"Seager, Corey",310,0.339,0.38,-0.04099999999999998,223,0.4,0.405,2024
521692,"Perez, Salvador",334,0.352,0.378,-0.026000000000000023,318,0.317,0.344,2024
607043,"Nimmo, Brandon",343,0.358,0.378,-0.020000000000000018,320,0.281,0.295,2024
621493,"Ward, Taylor",341,0.333,0.367,-0.033999999999999975,322,0.318,0.323,2024
596019,"Lindor, Francisco",367,0.325,0.357,-0.03199999999999997,322,0.406,0.409,2024
681297,"Cowser, Colton",265,0.323,0.356,-0.032999999999999974,296,0.339,0.312,2024
516782,"Marte, Starling",266,0.325,0.354,-0.02899999999999997,104,0.282,0.31,2024
686469,"Pasquantino, Vinnie",336,0.324,0.353,-0.02899999999999997,218,0.325,0.311,2024
663586,"Riley, Austin",293,0.326,0.353,-0.02699999999999997,176,0.358,0.39,2024
666624,"Morel, Christopher",345,0.301,0.353,-0.05199999999999999,266,0.254,0.268,2024
457759,"Turner, Justin",277,0.327,0.352,-0.024999999999999967,262,0.327,0.313,2024
642715,"Adames, Willy",365,0.319,0.346,-0.02699999999999997,323,0.368,0.335,2024
457705,"McCutchen, Andrew",302,0.32,0.345,-0.024999999999999967,213,0.331,0.296,2024
656305,"Chapman, Matt",353,0.321,0.344,-0.022999999999999965,294,0.363,0.34,2024
660821,"Sánchez, Jesús",254,0.285,0.341,-0.05600000000000005,283,0.346,0.354,2024
650490,"Díaz, Yandy",367,0.314,0.335,-0.02100000000000002,254,0.355,0.345,2024
665833,"Cruz, Oneil",303,0.308,0.335,-0.027000000000000024,296,0.354,0.353,2024
543807,"Springer, George",319,0.291,0.334,-0.04300000000000004,295,0.307,0.316,2024
673237,"Diaz, Yainer",290,0.313,0.334,-0.02100000000000002,329,0.343,0.35,2024
650559,"De La Cruz, Bryan",356,0.308,0.332,-0.02400000000000002,266,0.249,0.272,2024
669127,"Langeliers, Shea",269,0.291,0.331,-0.040000000000000036,265,0.339,0.325,2024
663728,"Raleigh, Cal",305,0.294,0.33,-0.03600000000000003,323,0.35,0.363,2024
502671,"Goldschmidt, Paul",349,0.289,0.33,-0.041000000000000036,305,0.334,0.336,2024
641487,"Crawford, J.P.",268,0.3,0.33,-0.030000000000000027,183,0.258,0.287,2024
677594,"Rodríguez, Julio",360,0.278,0.329,-0.05099999999999999,253,0.381,0.367,2024
671277,"García Jr., Luis",277,0.298,0.328,-0.030000000000000027,251,0.362,0.343,2024
657077,"Verdugo, Alex",342,0.301,0.327,-0.026000000000000023,279,0.261,0.281,2024
543760,"Semien, Marcus",374,0.299,0.324,-0.025000000000000022,344,0.314,0.315,2024
621020,"Swanson, Dansby",287,0.289,0.323,-0.03400000000000003,306,0.323,0.324,2024
668227,"Arozarena, Randy",329,0.297,0.318,-0.02100000000000002,319,0.344,0.327,2024
665926,"Giménez, Andrés",332,0.287,0.318,-0.031000000000000028,301,0.276,0.282,2024
665750,"Taveras, Leody",287,0.275,0.316,-0.04099999999999998,242,0.29,0.28,2024
669004,"Melendez, MJ",253,0.262,0.316,-0.05399999999999999,198,0.33,0.326,2024
666176,"Adell, Jo",250,0.277,0.315,-0.03799999999999998,201,0.319,0.313,2024
671739,"Harris II, Michael",278,0.285,0.315,-0.030000000000000027,192,0.351,0.392,2024
669357,"Gorman, Nolan",299,0.288,0.311,-0.02300000000000002,103,0.298,0.3,2024
571745,"Haniger, Mitch",275,0.276,0.307,-0.030999999999999972,148,0.279,0.28,2024
682998,"Carroll, Corbin",348,0.279,0.307,-0.02799999999999997,336,0.373,0.35,2024
672580,"Garcia, Maikel",376,0.273,0.306,-0.032999999999999974,250,0.266,0.304,2024
690993,"Keith, Colt",263,0.262,0.303,-0.04099999999999998,293,0.335,0.323,2024
669394,"Burger, Jake",255,0.261,0.29,-0.02899999999999997,324,0.376,0.377,2024
669707,"Triolo, Jared",252,0.252,0.285,-0.032999999999999974,194,0.304,0.311,2024
665742,"Soto, Juan",371,0.384,0.447,-0.063,344,0.396,0.409,2025
665489,"Guerrero Jr., Vladimir",363,0.364,0.404,-0.040000000000000036,317,0.368,0.362,2025
700250,"Rice, Ben",276,0.343,0.391,-0.04799999999999999,254,0.375,0.392,2025
650402,"Torres, Gleyber",311,0.362,0.386,-0.02400000000000002,317,0.302,0.342,2025
666176,"Adell, Jo",270,0.35,0.378,-0.028000000000000025,303,0.317,0.354,2025
547180,"Harper, Bryce",257,0.353,0.375,-0.02200000000000002,323,0.367,0.362,2025
543807,"Springer, George",306,0.354,0.374,-0.020000000000000018,280,0.466,0.436,2025
542303,"Ozuna, Marcell",351,0.342,0.373,-0.030999999999999972,241,0.323,0.325,2025
665487,"Tatis Jr., Fernando",359,0.343,0.368,-0.024999999999999967,332,0.364,0.373,2025
575929,"Contreras, Willson",346,0.333,0.363,-0.02999999999999997,217,0.362,0.351,2025
672640,"Lopez, Otto",278,0.318,0.362,-0.043999999999999984,316,0.275,0.302,2025
668804,"Reynolds, Bryan",348,0.308,0.359,-0.05099999999999999,306,0.323,0.313,2025
671277,"García Jr., Luis",294,0.31,0.357,-0.046999999999999986,232,0.287,0.317,2025
690993,"Keith, Colt",251,0.321,0.356,-0.034999999999999976,217,0.331,0.325,2025
666182,"Bichette, Bo",379,0.318,0.352,-0.033999999999999975,249,0.426,0.355,2025
665833,"Cruz, Oneil",325,0.322,0.351,-0.02899999999999997,219,0.255,0.284,2025
680777,"Jeffers, Ryan",259,0.319,0.347,-0.02799999999999997,205,0.352,0.297,2025
621020,"Swanson, Dansby",349,0.312,0.339,-0.027000000000000024,296,0.307,0.353,2025
669242,"Edman, Tommy",254,0.312,0.339,-0.027000000000000024,123,0.226,0.284,2025
663697,"India, Jonathan",332,0.297,0.337,-0.040000000000000036,235,0.306,0.283,2025
664034,"France, Ty",326,0.31,0.336,-0.026000000000000023,164,0.285,0.311,2025
521692,"Perez, Salvador",333,0.281,0.335,-0.05399999999999999,308,0.342,0.381,2025
624424,"Conforto, Michael",267,0.277,0.334,-0.056999999999999995,219,0.3,0.324,2025
605137,"Bell, Josh",282,0.282,0.328,-0.04600000000000004,251,0.37,0.393,2025
543760,"Semien, Marcus",345,0.296,0.323,-0.027000000000000024,189,0.293,0.309,2025
596146,"Kepler, Max",285,0.296,0.32,-0.02400000000000002,189,0.307,0.35,2025
673237,"Diaz, Yainer",294,0.286,0.318,-0.03200000000000003,273,0.316,0.334,2025
676572,"Wagaman, Eric",312,0.287,0.314,-0.027000000000000024,202,0.302,0.317,2025
650859,"Rengifo, Luis",282,0.261,0.313,-0.05199999999999999,259,0.29,0.29,2025
666969,"García, Adolis",317,0.283,0.311,-0.028000000000000025,230,0.289,0.293,2025
686668,"Doyle, Brenton",296,0.247,0.305,-0.057999999999999996,242,0.326,0.293,2025
642715,"Adames, Willy",358,0.281,0.304,-0.022999999999999965,328,0.364,0.353,2025
673962,"Jung, Josh",297,0.284,0.304,-0.020000000000000018,214,0.317,0.303,2025
673357,"Robert Jr., Luis",285,0.259,0.302,-0.04299999999999998,146,0.348,0.359,2025
572233,"Walker, Christian",335,0.279,0.301,-0.021999999999999964,305,0.345,0.328,2025
671739,"Harris II, Michael",326,0.24,0.29,-0.04999999999999999,315,0.338,0.34,2025
687401,"Ortiz, Joey",289,0.256,0.287,-0.030999999999999972,217,0.273,0.259,2025
